DateKey;FullDate;Year;Month;Day;MonthName;DayName;DayOfWeek;Quarter;IsHoliday;IsWeekend;IsTradingDay;YearMonth
20230101;2023-01-01;2023;1;1;January;Sunday;7;1;1;1;0;202301
20230102;2023-01-02;2023;1;2;January;Monday;1;1;0;0;1;202301
20230103;2023-01-03;2023;1;3;January;Tuesday;2;1;0;0;1;202301
20230104;2023-01-04;2023;1;4;January;Wednesday;3;1;0;0;1;202301
20230105;2023-01-05;2023;1;5;January;Thursday;4;1;0;0;1;202301
20230106;2023-01-06;2023;1;6;January;Friday;5;1;1;0;0;202301
20230107;2023-01-07;2023;1;7;January;Saturday;6;1;0;1;1;202301
20230108;2023-01-08;2023;1;8;January;Sunday;7;1;0;1;0;202301
20230109;2023-01-09;2023;1;9;January;Monday;1;1;0;0;1;202301
20230110;2023-01-10;2023;1;10;January;Tuesday;2;1;0;0;1;202301
20230111;2023-01-11;2023;1;11;January;Wednesday;3;1;0;0;1;202301
20230112;2023-01-12;2023;1;12;January;Thursday;4;1;0;0;1;202301
20230113;2023-01-13;2023;1;13;January;Friday;5;1;0;0;1;202301
20230114;2023-01-14;2023;1;14;January;Saturday;6;1;0;1;1;202301
20230115;2023-01-15;2023;1;15;January;Sunday;7;1;0;1;0;202301
20230116;2023-01-16;2023;1;16;January;Monday;1;1;0;0;1;202301
20230117;2023-01-17;2023;1;17;January;Tuesday;2;1;0;0;1;202301
20230118;2023-01-18;2023;1;18;January;Wednesday;3;1;0;0;1;202301
20230119;2023-01-19;2023;1;19;January;Thursday;4;1;0;0;1;202301
20230120;2023-01-20;2023;1;20;January;Friday;5;1;0;0;1;202301
20230121;2023-01-21;2023;1;21;January;Saturday;6;1;0;1;1;202301
20230122;2023-01-22;2023;1;22;January;Sunday;7;1;0;1;0;202301
20230123;2023-01-23;2023;1;23;January;Monday;1;1;0;0;1;202301
20230124;2023-01-24;2023;1;24;January;Tuesday;2;1;0;0;1;202301
20230125;2023-01-25;2023;1;25;January;Wednesday;3;1;0;0;1;202301
20230126;2023-01-26;2023;1;26;January;Thursday;4;1;0;0;1;202301
20230127;2023-01-27;2023;1;27;January;Friday;5;1;0;0;1;202301
20230128;2023-01-28;2023;1;28;January;Saturday;6;1;0;1;1;202301
20230129;2023-01-29;2023;1;29;January;Sunday;7;1;0;1;0;202301
20230130;2023-01-30;2023;1;30;January;Monday;1;1;0;0;1;202301
20230131;2023-01-31;2023;1;31;January;Tuesday;2;1;0;0;1;202301
20230201;2023-02-01;2023;2;1;February;Wednesday;3;1;0;0;1;202302
20230202;2023-02-02;2023;2;2;February;Thursday;4;1;0;0;1;202302
20230203;2023-02-03;2023;2;3;February;Friday;5;1;0;0;1;202302
20230204;2023-02-04;2023;2;4;February;Saturday;6;1;0;1;1;202302
20230205;2023-02-05;2023;2;5;February;Sunday;7;1;0;1;0;202302
20230206;2023-02-06;2023;2;6;February;Monday;1;1;0;0;1;202302
20230207;2023-02-07;2023;2;7;February;Tuesday;2;1;0;0;1;202302
20230208;2023-02-08;2023;2;8;February;Wednesday;3;1;0;0;1;202302
20230209;2023-02-09;2023;2;9;February;Thursday;4;1;0;0;1;202302
20230210;2023-02-10;2023;2;10;February;Friday;5;1;0;0;1;202302
20230211;2023-02-11;2023;2;11;February;Saturday;6;1;0;1;1;202302
20230212;2023-02-12;2023;2;12;February;Sunday;7;1;0;1;0;202302
20230213;2023-02-13;2023;2;13;February;Monday;1;1;0;0;1;202302
20230214;2023-02-14;2023;2;14;February;Tuesday;2;1;0;0;1;202302
20230215;2023-02-15;2023;2;15;February;Wednesday;3;1;0;0;1;202302
20230216;2023-02-16;2023;2;16;February;Thursday;4;1;0;0;1;202302
20230217;2023-02-17;2023;2;17;February;Friday;5;1;0;0;1;202302
20230218;2023-02-18;2023;2;18;February;Saturday;6;1;0;1;1;202302
20230219;2023-02-19;2023;2;19;February;Sunday;7;1;0;1;0;202302
20230220;2023-02-20;2023;2;20;February;Monday;1;1;0;0;1;202302
20230221;2023-02-21;2023;2;21;February;Tuesday;2;1;0;0;1;202302
20230222;2023-02-22;2023;2;22;February;Wednesday;3;1;0;0;1;202302
20230223;2023-02-23;2023;2;23;February;Thursday;4;1;0;0;1;202302
20230224;2023-02-24;2023;2;24;February;Friday;5;1;0;0;1;202302
20230225;2023-02-25;2023;2;25;February;Saturday;6;1;0;1;1;202302
20230226;2023-02-26;2023;2;26;February;Sunday;7;1;0;1;0;202302
20230227;2023-02-27;2023;2;27;February;Monday;1;1;0;0;1;202302
20230228;2023-02-28;2023;2;28;February;Tuesday;2;1;0;0;1;202302
20230301;2023-03-01;2023;3;1;March;Wednesday;3;1;0;0;1;202303
20230302;2023-03-02;2023;3;2;March;Thursday;4;1;0;0;1;202303
20230303;2023-03-03;2023;3;3;March;Friday;5;1;0;0;1;202303
20230304;2023-03-04;2023;3;4;March;Saturday;6;1;0;1;1;202303
20230305;2023-03-05;2023;3;5;March;Sunday;7;1;0;1;0;202303
20230306;2023-03-06;2023;3;6;March;Monday;1;1;0;0;1;202303
20230307;2023-03-07;2023;3;7;March;Tuesday;2;1;0;0;1;202303
20230308;2023-03-08;2023;3;8;March;Wednesday;3;1;0;0;1;202303
20230309;2023-03-09;2023;3;9;March;Thursday;4;1;0;0;1;202303
20230310;2023-03-10;2023;3;10;March;Friday;5;1;0;0;1;202303
20230311;2023-03-11;2023;3;11;March;Saturday;6;1;0;1;1;202303
20230312;2023-03-12;2023;3;12;March;Sunday;7;1;0;1;0;202303
20230313;2023-03-13;2023;3;13;March;Monday;1;1;0;0;1;202303
20230314;2023-03-14;2023;3;14;March;Tuesday;2;1;0;0;1;202303
20230315;2023-03-15;2023;3;15;March;Wednesday;3;1;0;0;1;202303
20230316;2023-03-16;2023;3;16;March;Thursday;4;1;0;0;1;202303
20230317;2023-03-17;2023;3;17;March;Friday;5;1;0;0;1;202303
20230318;2023-03-18;2023;3;18;March;Saturday;6;1;0;1;1;202303
20230319;2023-03-19;2023;3;19;March;Sunday;7;1;0;1;0;202303
20230320;2023-03-20;2023;3;20;March;Monday;1;1;0;0;1;202303
20230321;2023-03-21;2023;3;21;March;Tuesday;2;1;0;0;1;202303
20230322;2023-03-22;2023;3;22;March;Wednesday;3;1;0;0;1;202303
20230323;2023-03-23;2023;3;23;March;Thursday;4;1;0;0;1;202303
20230324;2023-03-24;2023;3;24;March;Friday;5;1;0;0;1;202303
20230325;2023-03-25;2023;3;25;March;Saturday;6;1;0;1;1;202303
20230326;2023-03-26;2023;3;26;March;Sunday;7;1;0;1;0;202303
20230327;2023-03-27;2023;3;27;March;Monday;1;1;0;0;1;202303
20230328;2023-03-28;2023;3;28;March;Tuesday;2;1;0;0;1;202303
20230329;2023-03-29;2023;3;29;March;Wednesday;3;1;0;0;1;202303
20230330;2023-03-30;2023;3;30;March;Thursday;4;1;0;0;1;202303
20230331;2023-03-31;2023;3;31;March;Friday;5;1;0;0;1;202303
20230401;2023-04-01;2023;4;1;April;Saturday;6;2;0;1;1;202304
20230402;2023-04-02;2023;4;2;April;Sunday;7;2;0;1;0;202304
20230403;2023-04-03;2023;4;3;April;Monday;1;2;0;0;1;202304
20230404;2023-04-04;2023;4;4;April;Tuesday;2;2;0;0;1;202304
20230405;2023-04-05;2023;4;5;April;Wednesday;3;2;0;0;1;202304
20230406;2023-04-06;2023;4;6;April;Thursday;4;2;0;0;1;202304
20230407;2023-04-07;2023;4;7;April;Friday;5;2;0;0;1;202304
20230408;2023-04-08;2023;4;8;April;Saturday;6;2;0;1;1;202304
20230409;2023-04-09;2023;4;9;April;Sunday;7;2;0;1;0;202304
20230410;2023-04-10;2023;4;10;April;Monday;1;2;0;0;1;202304
20230411;2023-04-11;2023;4;11;April;Tuesday;2;2;0;0;1;202304
20230412;2023-04-12;2023;4;12;April;Wednesday;3;2;0;0;1;202304
20230413;2023-04-13;2023;4;13;April;Thursday;4;2;0;0;1;202304
20230414;2023-04-14;2023;4;14;April;Friday;5;2;0;0;1;202304
20230415;2023-04-15;2023;4;15;April;Saturday;6;2;0;1;1;202304
20230416;2023-04-16;2023;4;16;April;Sunday;7;2;0;1;0;202304
20230417;2023-04-17;2023;4;17;April;Monday;1;2;0;0;1;202304
20230418;2023-04-18;2023;4;18;April;Tuesday;2;2;0;0;1;202304
20230419;2023-04-19;2023;4;19;April;Wednesday;3;2;0;0;1;202304
20230420;2023-04-20;2023;4;20;April;Thursday;4;2;0;0;1;202304
20230421;2023-04-21;2023;4;21;April;Friday;5;2;0;0;1;202304
20230422;2023-04-22;2023;4;22;April;Saturday;6;2;0;1;1;202304
20230423;2023-04-23;2023;4;23;April;Sunday;7;2;0;1;0;202304
20230424;2023-04-24;2023;4;24;April;Monday;1;2;0;0;1;202304
20230425;2023-04-25;2023;4;25;April;Tuesday;2;2;0;0;1;202304
20230426;2023-04-26;2023;4;26;April;Wednesday;3;2;0;0;1;202304
20230427;2023-04-27;2023;4;27;April;Thursday;4;2;0;0;1;202304
20230428;2023-04-28;2023;4;28;April;Friday;5;2;0;0;1;202304
20230429;2023-04-29;2023;4;29;April;Saturday;6;2;0;1;1;202304
20230430;2023-04-30;2023;4;30;April;Sunday;7;2;0;1;0;202304
20230501;2023-05-01;2023;5;1;May;Monday;1;2;1;0;0;202305
20230502;2023-05-02;2023;5;2;May;Tuesday;2;2;0;0;1;202305
20230503;2023-05-03;2023;5;3;May;Wednesday;3;2;1;0;0;202305
20230504;2023-05-04;2023;5;4;May;Thursday;4;2;0;0;1;202305
20230505;2023-05-05;2023;5;5;May;Friday;5;2;0;0;1;202305
20230506;2023-05-06;2023;5;6;May;Saturday;6;2;0;1;1;202305
20230507;2023-05-07;2023;5;7;May;Sunday;7;2;0;1;0;202305
20230508;2023-05-08;2023;5;8;May;Monday;1;2;0;0;1;202305
20230509;2023-05-09;2023;5;9;May;Tuesday;2;2;0;0;1;202305
20230510;2023-05-10;2023;5;10;May;Wednesday;3;2;0;0;1;202305
20230511;2023-05-11;2023;5;11;May;Thursday;4;2;0;0;1;202305
20230512;2023-05-12;2023;5;12;May;Friday;5;2;0;0;1;202305
20230513;2023-05-13;2023;5;13;May;Saturday;6;2;0;1;1;202305
20230514;2023-05-14;2023;5;14;May;Sunday;7;2;0;1;0;202305
20230515;2023-05-15;2023;5;15;May;Monday;1;2;0;0;1;202305
20230516;2023-05-16;2023;5;16;May;Tuesday;2;2;0;0;1;202305
20230517;2023-05-17;2023;5;17;May;Wednesday;3;2;0;0;1;202305
20230518;2023-05-18;2023;5;18;May;Thursday;4;2;0;0;1;202305
20230519;2023-05-19;2023;5;19;May;Friday;5;2;0;0;1;202305
20230520;2023-05-20;2023;5;20;May;Saturday;6;2;0;1;1;202305
20230521;2023-05-21;2023;5;21;May;Sunday;7;2;0;1;0;202305
20230522;2023-05-22;2023;5;22;May;Monday;1;2;0;0;1;202305
20230523;2023-05-23;2023;5;23;May;Tuesday;2;2;0;0;1;202305
20230524;2023-05-24;2023;5;24;May;Wednesday;3;2;0;0;1;202305
20230525;2023-05-25;2023;5;25;May;Thursday;4;2;0;0;1;202305
20230526;2023-05-26;2023;5;26;May;Friday;5;2;0;0;1;202305
20230527;2023-05-27;2023;5;27;May;Saturday;6;2;0;1;1;202305
20230528;2023-05-28;2023;5;28;May;Sunday;7;2;0;1;0;202305
20230529;2023-05-29;2023;5;29;May;Monday;1;2;0;0;1;202305
20230530;2023-05-30;2023;5;30;May;Tuesday;2;2;0;0;1;202305
20230531;2023-05-31;2023;5;31;May;Wednesday;3;2;0;0;1;202305
20230601;2023-06-01;2023;6;1;June;Thursday;4;2;0;0;1;202306
20230602;2023-06-02;2023;6;2;June;Friday;5;2;0;0;1;202306
20230603;2023-06-03;2023;6;3;June;Saturday;6;2;0;1;1;202306
20230604;2023-06-04;2023;6;4;June;Sunday;7;2;0;1;0;202306
20230605;2023-06-05;2023;6;5;June;Monday;1;2;0;0;1;202306
20230606;2023-06-06;2023;6;6;June;Tuesday;2;2;0;0;1;202306
20230607;2023-06-07;2023;6;7;June;Wednesday;3;2;0;0;1;202306
20230608;2023-06-08;2023;6;8;June;Thursday;4;2;0;0;1;202306
20230609;2023-06-09;2023;6;9;June;Friday;5;2;0;0;1;202306
20230610;2023-06-10;2023;6;10;June;Saturday;6;2;0;1;1;202306
20230611;2023-06-11;2023;6;11;June;Sunday;7;2;0;1;0;202306
20230612;2023-06-12;2023;6;12;June;Monday;1;2;0;0;1;202306
20230613;2023-06-13;2023;6;13;June;Tuesday;2;2;0;0;1;202306
20230614;2023-06-14;2023;6;14;June;Wednesday;3;2;0;0;1;202306
20230615;2023-06-15;2023;6;15;June;Thursday;4;2;0;0;1;202306
20230616;2023-06-16;2023;6;16;June;Friday;5;2;0;0;1;202306
20230617;2023-06-17;2023;6;17;June;Saturday;6;2;0;1;1;202306
20230618;2023-06-18;2023;6;18;June;Sunday;7;2;0;1;0;202306
20230619;2023-06-19;2023;6;19;June;Monday;1;2;0;0;1;202306
20230620;2023-06-20;2023;6;20;June;Tuesday;2;2;0;0;1;202306
20230621;2023-06-21;2023;6;21;June;Wednesday;3;2;0;0;1;202306
20230622;2023-06-22;2023;6;22;June;Thursday;4;2;0;0;1;202306
20230623;2023-06-23;2023;6;23;June;Friday;5;2;0;0;1;202306
20230624;2023-06-24;2023;6;24;June;Saturday;6;2;0;1;1;202306
20230625;2023-06-25;2023;6;25;June;Sunday;7;2;0;1;0;202306
20230626;2023-06-26;2023;6;26;June;Monday;1;2;0;0;1;202306
20230627;2023-06-27;2023;6;27;June;Tuesday;2;2;0;0;1;202306
20230628;2023-06-28;2023;6;28;June;Wednesday;3;2;0;0;1;202306
20230629;2023-06-29;2023;6;29;June;Thursday;4;2;0;0;1;202306
20230630;2023-06-30;2023;6;30;June;Friday;5;2;0;0;1;202306
20230701;2023-07-01;2023;7;1;July;Saturday;6;3;0;1;1;202307
20230702;2023-07-02;2023;7;2;July;Sunday;7;3;0;1;0;202307
20230703;2023-07-03;2023;7;3;July;Monday;1;3;0;0;1;202307
20230704;2023-07-04;2023;7;4;July;Tuesday;2;3;0;0;1;202307
20230705;2023-07-05;2023;7;5;July;Wednesday;3;3;0;0;1;202307
20230706;2023-07-06;2023;7;6;July;Thursday;4;3;0;0;1;202307
20230707;2023-07-07;2023;7;7;July;Friday;5;3;0;0;1;202307
20230708;2023-07-08;2023;7;8;July;Saturday;6;3;0;1;1;202307
20230709;2023-07-09;2023;7;9;July;Sunday;7;3;0;1;0;202307
20230710;2023-07-10;2023;7;10;July;Monday;1;3;0;0;1;202307
20230711;2023-07-11;2023;7;11;July;Tuesday;2;3;0;0;1;202307
20230712;2023-07-12;2023;7;12;July;Wednesday;3;3;0;0;1;202307
20230713;2023-07-13;2023;7;13;July;Thursday;4;3;0;0;1;202307
20230714;2023-07-14;2023;7;14;July;Friday;5;3;0;0;1;202307
20230715;2023-07-15;2023;7;15;July;Saturday;6;3;0;1;1;202307
20230716;2023-07-16;2023;7;16;July;Sunday;7;3;0;1;0;202307
20230717;2023-07-17;2023;7;17;July;Monday;1;3;0;0;1;202307
20230718;2023-07-18;2023;7;18;July;Tuesday;2;3;0;0;1;202307
20230719;2023-07-19;2023;7;19;July;Wednesday;3;3;0;0;1;202307
20230720;2023-07-20;2023;7;20;July;Thursday;4;3;0;0;1;202307
20230721;2023-07-21;2023;7;21;July;Friday;5;3;0;0;1;202307
20230722;2023-07-22;2023;7;22;July;Saturday;6;3;0;1;1;202307
20230723;2023-07-23;2023;7;23;July;Sunday;7;3;0;1;0;202307
20230724;2023-07-24;2023;7;24;July;Monday;1;3;0;0;1;202307
20230725;2023-07-25;2023;7;25;July;Tuesday;2;3;0;0;1;202307
20230726;2023-07-26;2023;7;26;July;Wednesday;3;3;0;0;1;202307
20230727;2023-07-27;2023;7;27;July;Thursday;4;3;0;0;1;202307
20230728;2023-07-28;2023;7;28;July;Friday;5;3;0;0;1;202307
20230729;2023-07-29;2023;7;29;July;Saturday;6;3;0;1;1;202307
20230730;2023-07-30;2023;7;30;July;Sunday;7;3;0;1;0;202307
20230731;2023-07-31;2023;7;31;July;Monday;1;3;0;0;1;202307
20230801;2023-08-01;2023;8;1;August;Tuesday;2;3;0;0;1;202308
20230802;2023-08-02;2023;8;2;August;Wednesday;3;3;0;0;1;202308
20230803;2023-08-03;2023;8;3;August;Thursday;4;3;0;0;1;202308
20230804;2023-08-04;2023;8;4;August;Friday;5;3;0;0;1;202308
20230805;2023-08-05;2023;8;5;August;Saturday;6;3;0;1;1;202308
20230806;2023-08-06;2023;8;6;August;Sunday;7;3;0;1;0;202308
20230807;2023-08-07;2023;8;7;August;Monday;1;3;0;0;1;202308
20230808;2023-08-08;2023;8;8;August;Tuesday;2;3;0;0;1;202308
20230809;2023-08-09;2023;8;9;August;Wednesday;3;3;0;0;1;202308
20230810;2023-08-10;2023;8;10;August;Thursday;4;3;0;0;1;202308
20230811;2023-08-11;2023;8;11;August;Friday;5;3;0;0;1;202308
20230812;2023-08-12;2023;8;12;August;Saturday;6;3;0;1;1;202308
20230813;2023-08-13;2023;8;13;August;Sunday;7;3;0;1;0;202308
20230814;2023-08-14;2023;8;14;August;Monday;1;3;0;0;1;202308
20230815;2023-08-15;2023;8;15;August;Tuesday;2;3;1;0;0;202308
20230816;2023-08-16;2023;8;16;August;Wednesday;3;3;0;0;1;202308
20230817;2023-08-17;2023;8;17;August;Thursday;4;3;0;0;1;202308
20230818;2023-08-18;2023;8;18;August;Friday;5;3;0;0;1;202308
20230819;2023-08-19;2023;8;19;August;Saturday;6;3;0;1;1;202308
20230820;2023-08-20;2023;8;20;August;Sunday;7;3;0;1;0;202308
20230821;2023-08-21;2023;8;21;August;Monday;1;3;0;0;1;202308
20230822;2023-08-22;2023;8;22;August;Tuesday;2;3;0;0;1;202308
20230823;2023-08-23;2023;8;23;August;Wednesday;3;3;0;0;1;202308
20230824;2023-08-24;2023;8;24;August;Thursday;4;3;0;0;1;202308
20230825;2023-08-25;2023;8;25;August;Friday;5;3;0;0;1;202308
20230826;2023-08-26;2023;8;26;August;Saturday;6;3;0;1;1;202308
20230827;2023-08-27;2023;8;27;August;Sunday;7;3;0;1;0;202308
20230828;2023-08-28;2023;8;28;August;Monday;1;3;0;0;1;202308
20230829;2023-08-29;2023;8;29;August;Tuesday;2;3;0;0;1;202308
20230830;2023-08-30;2023;8;30;August;Wednesday;3;3;0;0;1;202308
20230831;2023-08-31;2023;8;31;August;Thursday;4;3;0;0;1;202308
20230901;2023-09-01;2023;9;1;September;Friday;5;3;0;0;1;202309
20230902;2023-09-02;2023;9;2;September;Saturday;6;3;0;1;1;202309
20230903;2023-09-03;2023;9;3;September;Sunday;7;3;0;1;0;202309
20230904;2023-09-04;2023;9;4;September;Monday;1;3;0;0;1;202309
20230905;2023-09-05;2023;9;5;September;Tuesday;2;3;0;0;1;202309
20230906;2023-09-06;2023;9;6;September;Wednesday;3;3;0;0;1;202309
20230907;2023-09-07;2023;9;7;September;Thursday;4;3;0;0;1;202309
20230908;2023-09-08;2023;9;8;September;Friday;5;3;0;0;1;202309
20230909;2023-09-09;2023;9;9;September;Saturday;6;3;0;1;1;202309
20230910;2023-09-10;2023;9;10;September;Sunday;7;3;0;1;0;202309
20230911;2023-09-11;2023;9;11;September;Monday;1;3;0;0;1;202309
20230912;2023-09-12;2023;9;12;September;Tuesday;2;3;0;0;1;202309
20230913;2023-09-13;2023;9;13;September;Wednesday;3;3;0;0;1;202309
20230914;2023-09-14;2023;9;14;September;Thursday;4;3;0;0;1;202309
20230915;2023-09-15;2023;9;15;September;Friday;5;3;0;0;1;202309
20230916;2023-09-16;2023;9;16;September;Saturday;6;3;0;1;1;202309
20230917;2023-09-17;2023;9;17;September;Sunday;7;3;0;1;0;202309
20230918;2023-09-18;2023;9;18;September;Monday;1;3;0;0;1;202309
20230919;2023-09-19;2023;9;19;September;Tuesday;2;3;0;0;1;202309
20230920;2023-09-20;2023;9;20;September;Wednesday;3;3;0;0;1;202309
20230921;2023-09-21;2023;9;21;September;Thursday;4;3;0;0;1;202309
20230922;2023-09-22;2023;9;22;September;Friday;5;3;0;0;1;202309
20230923;2023-09-23;2023;9;23;September;Saturday;6;3;0;1;1;202309
20230924;2023-09-24;2023;9;24;September;Sunday;7;3;0;1;0;202309
20230925;2023-09-25;2023;9;25;September;Monday;1;3;0;0;1;202309
20230926;2023-09-26;2023;9;26;September;Tuesday;2;3;0;0;1;202309
20230927;2023-09-27;2023;9;27;September;Wednesday;3;3;0;0;1;202309
20230928;2023-09-28;2023;9;28;September;Thursday;4;3;0;0;1;202309
20230929;2023-09-29;2023;9;29;September;Friday;5;3;0;0;1;202309
20230930;2023-09-30;2023;9;30;September;Saturday;6;3;0;1;1;202309
20231001;2023-10-01;2023;10;1;October;Sunday;7;4;0;1;0;202310
20231002;2023-10-02;2023;10;2;October;Monday;1;4;0;0;1;202310
20231003;2023-10-03;2023;10;3;October;Tuesday;2;4;0;0;1;202310
20231004;2023-10-04;2023;10;4;October;Wednesday;3;4;0;0;1;202310
20231005;2023-10-05;2023;10;5;October;Thursday;4;4;0;0;1;202310
20231006;2023-10-06;2023;10;6;October;Friday;5;4;0;0;1;202310
20231007;2023-10-07;2023;10;7;October;Saturday;6;4;0;1;1;202310
20231008;2023-10-08;2023;10;8;October;Sunday;7;4;0;1;0;202310
20231009;2023-10-09;2023;10;9;October;Monday;1;4;0;0;1;202310
20231010;2023-10-10;2023;10;10;October;Tuesday;2;4;0;0;1;202310
20231011;2023-10-11;2023;10;11;October;Wednesday;3;4;0;0;1;202310
20231012;2023-10-12;2023;10;12;October;Thursday;4;4;0;0;1;202310
20231013;2023-10-13;2023;10;13;October;Friday;5;4;0;0;1;202310
20231014;2023-10-14;2023;10;14;October;Saturday;6;4;0;1;1;202310
20231015;2023-10-15;2023;10;15;October;Sunday;7;4;0;1;0;202310
20231016;2023-10-16;2023;10;16;October;Monday;1;4;0;0;1;202310
20231017;2023-10-17;2023;10;17;October;Tuesday;2;4;0;0;1;202310
20231018;2023-10-18;2023;10;18;October;Wednesday;3;4;0;0;1;202310
20231019;2023-10-19;2023;10;19;October;Thursday;4;4;0;0;1;202310
20231020;2023-10-20;2023;10;20;October;Friday;5;4;0;0;1;202310
20231021;2023-10-21;2023;10;21;October;Saturday;6;4;0;1;1;202310
20231022;2023-10-22;2023;10;22;October;Sunday;7;4;0;1;0;202310
20231023;2023-10-23;2023;10;23;October;Monday;1;4;0;0;1;202310
20231024;2023-10-24;2023;10;24;October;Tuesday;2;4;0;0;1;202310
20231025;2023-10-25;2023;10;25;October;Wednesday;3;4;0;0;1;202310
20231026;2023-10-26;2023;10;26;October;Thursday;4;4;0;0;1;202310
20231027;2023-10-27;2023;10;27;October;Friday;5;4;0;0;1;202310
20231028;2023-10-28;2023;10;28;October;Saturday;6;4;0;1;1;202310
20231029;2023-10-29;2023;10;29;October;Sunday;7;4;0;1;0;202310
20231030;2023-10-30;2023;10;30;October;Monday;1;4;0;0;1;202310
20231031;2023-10-31;2023;10;31;October;Tuesday;2;4;0;0;1;202310
20231101;2023-11-01;2023;11;1;November;Wednesday;3;4;1;0;0;202311
20231102;2023-11-02;2023;11;2;November;Thursday;4;4;0;0;1;202311
20231103;2023-11-03;2023;11;3;November;Friday;5;4;0;0;1;202311
20231104;2023-11-04;2023;11;4;November;Saturday;6;4;0;1;1;202311
20231105;2023-11-05;2023;11;5;November;Sunday;7;4;0;1;0;202311
20231106;2023-11-06;2023;11;6;November;Monday;1;4;0;0;1;202311
20231107;2023-11-07;2023;11;7;November;Tuesday;2;4;0;0;1;202311
20231108;2023-11-08;2023;11;8;November;Wednesday;3;4;0;0;1;202311
20231109;2023-11-09;2023;11;9;November;Thursday;4;4;0;0;1;202311
20231110;2023-11-10;2023;11;10;November;Friday;5;4;0;0;1;202311
20231111;2023-11-11;2023;11;11;November;Saturday;6;4;1;1;0;202311
20231112;2023-11-12;2023;11;12;November;Sunday;7;4;0;1;0;202311
20231113;2023-11-13;2023;11;13;November;Monday;1;4;0;0;1;202311
20231114;2023-11-14;2023;11;14;November;Tuesday;2;4;0;0;1;202311
20231115;2023-11-15;2023;11;15;November;Wednesday;3;4;0;0;1;202311
20231116;2023-11-16;2023;11;16;November;Thursday;4;4;0;0;1;202311
20231117;2023-11-17;2023;11;17;November;Friday;5;4;0;0;1;202311
20231118;2023-11-18;2023;11;18;November;Saturday;6;4;0;1;1;202311
20231119;2023-11-19;2023;11;19;November;Sunday;7;4;0;1;0;202311
20231120;2023-11-20;2023;11;20;November;Monday;1;4;0;0;1;202311
20231121;2023-11-21;2023;11;21;November;Tuesday;2;4;0;0;1;202311
20231122;2023-11-22;2023;11;22;November;Wednesday;3;4;0;0;1;202311
20231123;2023-11-23;2023;11;23;November;Thursday;4;4;0;0;1;202311
20231124;2023-11-24;2023;11;24;November;Friday;5;4;0;0;1;202311
20231125;2023-11-25;2023;11;25;November;Saturday;6;4;0;1;1;202311
20231126;2023-11-26;2023;11;26;November;Sunday;7;4;0;1;0;202311
20231127;2023-11-27;2023;11;27;November;Monday;1;4;0;0;1;202311
20231128;2023-11-28;2023;11;28;November;Tuesday;2;4;0;0;1;202311
20231129;2023-11-29;2023;11;29;November;Wednesday;3;4;0;0;1;202311
20231130;2023-11-30;2023;11;30;November;Thursday;4;4;0;0;1;202311
20231201;2023-12-01;2023;12;1;December;Friday;5;4;0;0;1;202312
20231202;2023-12-02;2023;12;2;December;Saturday;6;4;0;1;1;202312
20231203;2023-12-03;2023;12;3;December;Sunday;7;4;0;1;0;202312
20231204;2023-12-04;2023;12;4;December;Monday;1;4;0;0;1;202312
20231205;2023-12-05;2023;12;5;December;Tuesday;2;4;0;0;1;202312
20231206;2023-12-06;2023;12;6;December;Wednesday;3;4;0;0;1;202312
20231207;2023-12-07;2023;12;7;December;Thursday;4;4;0;0;1;202312
20231208;2023-12-08;2023;12;8;December;Friday;5;4;0;0;1;202312
20231209;2023-12-09;2023;12;9;December;Saturday;6;4;0;1;1;202312
20231210;2023-12-10;2023;12;10;December;Sunday;7;4;0;1;0;202312
20231211;2023-12-11;2023;12;11;December;Monday;1;4;0;0;1;202312
20231212;2023-12-12;2023;12;12;December;Tuesday;2;4;0;0;1;202312
20231213;2023-12-13;2023;12;13;December;Wednesday;3;4;0;0;1;202312
20231214;2023-12-14;2023;12;14;December;Thursday;4;4;0;0;1;202312
20231215;2023-12-15;2023;12;15;December;Friday;5;4;0;0;1;202312
20231216;2023-12-16;2023;12;16;December;Saturday;6;4;0;1;1;202312
20231217;2023-12-17;2023;12;17;December;Sunday;7;4;0;1;0;202312
20231218;2023-12-18;2023;12;18;December;Monday;1;4;0;0;1;202312
20231219;2023-12-19;2023;12;19;December;Tuesday;2;4;0;0;1;202312
20231220;2023-12-20;2023;12;20;December;Wednesday;3;4;0;0;1;202312
20231221;2023-12-21;2023;12;21;December;Thursday;4;4;0;0;1;202312
20231222;2023-12-22;2023;12;22;December;Friday;5;4;0;0;1;202312
20231223;2023-12-23;2023;12;23;December;Saturday;6;4;0;1;1;202312
20231224;2023-12-24;2023;12;24;December;Sunday;7;4;0;1;1;202312
20231225;2023-12-25;2023;12;25;December;Monday;1;4;1;0;0;202312
20231226;2023-12-26;2023;12;26;December;Tuesday;2;4;1;0;0;202312
20231227;2023-12-27;2023;12;27;December;Wednesday;3;4;0;0;1;202312
20231228;2023-12-28;2023;12;28;December;Thursday;4;4;0;0;1;202312
20231229;2023-12-29;2023;12;29;December;Friday;5;4;0;0;1;202312
20231230;2023-12-30;2023;12;30;December;Saturday;6;4;0;1;1;202312
20231231;2023-12-31;2023;12;31;December;Sunday;7;4;0;1;1;202312
20240101;2024-01-01;2024;1;1;January;Monday;1;1;1;0;0;202401
20240102;2024-01-02;2024;1;2;January;Tuesday;2;1;0;0;1;202401
20240103;2024-01-03;2024;1;3;January;Wednesday;3;1;0;0;1;202401
20240104;2024-01-04;2024;1;4;January;Thursday;4;1;0;0;1;202401
20240105;2024-01-05;2024;1;5;January;Friday;5;1;0;0;1;202401
20240106;2024-01-06;2024;1;6;January;Saturday;6;1;1;1;0;202401
20240107;2024-01-07;2024;1;7;January;Sunday;7;1;0;1;0;202401
20240108;2024-01-08;2024;1;8;January;Monday;1;1;0;0;1;202401
20240109;2024-01-09;2024;1;9;January;Tuesday;2;1;0;0;1;202401
20240110;2024-01-10;2024;1;10;January;Wednesday;3;1;0;0;1;202401
20240111;2024-01-11;2024;1;11;January;Thursday;4;1;0;0;1;202401
20240112;2024-01-12;2024;1;12;January;Friday;5;1;0;0;1;202401
20240113;2024-01-13;2024;1;13;January;Saturday;6;1;0;1;1;202401
20240114;2024-01-14;2024;1;14;January;Sunday;7;1;0;1;0;202401
20240115;2024-01-15;2024;1;15;January;Monday;1;1;0;0;1;202401
20240116;2024-01-16;2024;1;16;January;Tuesday;2;1;0;0;1;202401
20240117;2024-01-17;2024;1;17;January;Wednesday;3;1;0;0;1;202401
20240118;2024-01-18;2024;1;18;January;Thursday;4;1;0;0;1;202401
20240119;2024-01-19;2024;1;19;January;Friday;5;1;0;0;1;202401
20240120;2024-01-20;2024;1;20;January;Saturday;6;1;0;1;1;202401
20240121;2024-01-21;2024;1;21;January;Sunday;7;1;0;1;0;202401
20240122;2024-01-22;2024;1;22;January;Monday;1;1;0;0;1;202401
20240123;2024-01-23;2024;1;23;January;Tuesday;2;1;0;0;1;202401
20240124;2024-01-24;2024;1;24;January;Wednesday;3;1;0;0;1;202401
20240125;2024-01-25;2024;1;25;January;Thursday;4;1;0;0;1;202401
20240126;2024-01-26;2024;1;26;January;Friday;5;1;0;0;1;202401
20240127;2024-01-27;2024;1;27;January;Saturday;6;1;0;1;1;202401
20240128;2024-01-28;2024;1;28;January;Sunday;7;1;0;1;0;202401
20240129;2024-01-29;2024;1;29;January;Monday;1;1;0;0;1;202401
20240130;2024-01-30;2024;1;30;January;Tuesday;2;1;0;0;1;202401
20240131;2024-01-31;2024;1;31;January;Wednesday;3;1;0;0;1;202401
20240201;2024-02-01;2024;2;1;February;Thursday;4;1;0;0;1;202402
20240202;2024-02-02;2024;2;2;February;Friday;5;1;0;0;1;202402
20240203;2024-02-03;2024;2;3;February;Saturday;6;1;0;1;1;202402
20240204;2024-02-04;2024;2;4;February;Sunday;7;1;0;1;0;202402
20240205;2024-02-05;2024;2;5;February;Monday;1;1;0;0;1;202402
20240206;2024-02-06;2024;2;6;February;Tuesday;2;1;0;0;1;202402
20240207;2024-02-07;2024;2;7;February;Wednesday;3;1;0;0;1;202402
20240208;2024-02-08;2024;2;8;February;Thursday;4;1;0;0;1;202402
20240209;2024-02-09;2024;2;9;February;Friday;5;1;0;0;1;202402
20240210;2024-02-10;2024;2;10;February;Saturday;6;1;0;1;1;202402
20240211;2024-02-11;2024;2;11;February;Sunday;7;1;0;1;0;202402
20240212;2024-02-12;2024;2;12;February;Monday;1;1;0;0;1;202402
20240213;2024-02-13;2024;2;13;February;Tuesday;2;1;0;0;1;202402
20240214;2024-02-14;2024;2;14;February;Wednesday;3;1;0;0;1;202402
20240215;2024-02-15;2024;2;15;February;Thursday;4;1;0;0;1;202402
20240216;2024-02-16;2024;2;16;February;Friday;5;1;0;0;1;202402
20240217;2024-02-17;2024;2;17;February;Saturday;6;1;0;1;1;202402
20240218;2024-02-18;2024;2;18;February;Sunday;7;1;0;1;0;202402
20240219;2024-02-19;2024;2;19;February;Monday;1;1;0;0;1;202402
20240220;2024-02-20;2024;2;20;February;Tuesday;2;1;0;0;1;202402
20240221;2024-02-21;2024;2;21;February;Wednesday;3;1;0;0;1;202402
20240222;2024-02-22;2024;2;22;February;Thursday;4;1;0;0;1;202402
20240223;2024-02-23;2024;2;23;February;Friday;5;1;0;0;1;202402
20240224;2024-02-24;2024;2;24;February;Saturday;6;1;0;1;1;202402
20240225;2024-02-25;2024;2;25;February;Sunday;7;1;0;1;0;202402
20240226;2024-02-26;2024;2;26;February;Monday;1;1;0;0;1;202402
20240227;2024-02-27;2024;2;27;February;Tuesday;2;1;0;0;1;202402
20240228;2024-02-28;2024;2;28;February;Wednesday;3;1;0;0;1;202402
20240229;2024-02-29;2024;2;29;February;Thursday;4;1;0;0;1;202402
20240301;2024-03-01;2024;3;1;March;Friday;5;1;0;0;1;202403
20240302;2024-03-02;2024;3;2;March;Saturday;6;1;0;1;1;202403
20240303;2024-03-03;2024;3;3;March;Sunday;7;1;0;1;0;202403
20240304;2024-03-04;2024;3;4;March;Monday;1;1;0;0;1;202403
20240305;2024-03-05;2024;3;5;March;Tuesday;2;1;0;0;1;202403
20240306;2024-03-06;2024;3;6;March;Wednesday;3;1;0;0;1;202403
20240307;2024-03-07;2024;3;7;March;Thursday;4;1;0;0;1;202403
20240308;2024-03-08;2024;3;8;March;Friday;5;1;0;0;1;202403
20240309;2024-03-09;2024;3;9;March;Saturday;6;1;0;1;1;202403
20240310;2024-03-10;2024;3;10;March;Sunday;7;1;0;1;0;202403
20240311;2024-03-11;2024;3;11;March;Monday;1;1;0;0;1;202403
20240312;2024-03-12;2024;3;12;March;Tuesday;2;1;0;0;1;202403
20240313;2024-03-13;2024;3;13;March;Wednesday;3;1;0;0;1;202403
20240314;2024-03-14;2024;3;14;March;Thursday;4;1;0;0;1;202403
20240315;2024-03-15;2024;3;15;March;Friday;5;1;0;0;1;202403
20240316;2024-03-16;2024;3;16;March;Saturday;6;1;0;1;1;202403
20240317;2024-03-17;2024;3;17;March;Sunday;7;1;0;1;0;202403
20240318;2024-03-18;2024;3;18;March;Monday;1;1;0;0;1;202403
20240319;2024-03-19;2024;3;19;March;Tuesday;2;1;0;0;1;202403
20240320;2024-03-20;2024;3;20;March;Wednesday;3;1;0;0;1;202403
20240321;2024-03-21;2024;3;21;March;Thursday;4;1;0;0;1;202403
20240322;2024-03-22;2024;3;22;March;Friday;5;1;0;0;1;202403
20240323;2024-03-23;2024;3;23;March;Saturday;6;1;0;1;1;202403
20240324;2024-03-24;2024;3;24;March;Sunday;7;1;0;1;0;202403
20240325;2024-03-25;2024;3;25;March;Monday;1;1;0;0;1;202403
20240326;2024-03-26;2024;3;26;March;Tuesday;2;1;0;0;1;202403
20240327;2024-03-27;2024;3;27;March;Wednesday;3;1;0;0;1;202403
20240328;2024-03-28;2024;3;28;March;Thursday;4;1;0;0;1;202403
20240329;2024-03-29;2024;3;29;March;Friday;5;1;0;0;1;202403
20240330;2024-03-30;2024;3;30;March;Saturday;6;1;0;1;1;202403
20240331;2024-03-31;2024;3;31;March;Sunday;7;1;0;1;0;202403
20240401;2024-04-01;2024;4;1;April;Monday;1;2;0;0;1;202404
20240402;2024-04-02;2024;4;2;April;Tuesday;2;2;0;0;1;202404
20240403;2024-04-03;2024;4;3;April;Wednesday;3;2;0;0;1;202404
20240404;2024-04-04;2024;4;4;April;Thursday;4;2;0;0;1;202404
20240405;2024-04-05;2024;4;5;April;Friday;5;2;0;0;1;202404
20240406;2024-04-06;2024;4;6;April;Saturday;6;2;0;1;1;202404
20240407;2024-04-07;2024;4;7;April;Sunday;7;2;0;1;0;202404
20240408;2024-04-08;2024;4;8;April;Monday;1;2;0;0;1;202404
20240409;2024-04-09;2024;4;9;April;Tuesday;2;2;0;0;1;202404
20240410;2024-04-10;2024;4;10;April;Wednesday;3;2;0;0;1;202404
20240411;2024-04-11;2024;4;11;April;Thursday;4;2;0;0;1;202404
20240412;2024-04-12;2024;4;12;April;Friday;5;2;0;0;1;202404
20240413;2024-04-13;2024;4;13;April;Saturday;6;2;0;1;1;202404
20240414;2024-04-14;2024;4;14;April;Sunday;7;2;0;1;0;202404
20240415;2024-04-15;2024;4;15;April;Monday;1;2;0;0;1;202404
20240416;2024-04-16;2024;4;16;April;Tuesday;2;2;0;0;1;202404
20240417;2024-04-17;2024;4;17;April;Wednesday;3;2;0;0;1;202404
20240418;2024-04-18;2024;4;18;April;Thursday;4;2;0;0;1;202404
20240419;2024-04-19;2024;4;19;April;Friday;5;2;0;0;1;202404
20240420;2024-04-20;2024;4;20;April;Saturday;6;2;0;1;1;202404
20240421;2024-04-21;2024;4;21;April;Sunday;7;2;0;1;0;202404
20240422;2024-04-22;2024;4;22;April;Monday;1;2;0;0;1;202404
20240423;2024-04-23;2024;4;23;April;Tuesday;2;2;0;0;1;202404
20240424;2024-04-24;2024;4;24;April;Wednesday;3;2;0;0;1;202404
20240425;2024-04-25;2024;4;25;April;Thursday;4;2;0;0;1;202404
20240426;2024-04-26;2024;4;26;April;Friday;5;2;0;0;1;202404
20240427;2024-04-27;2024;4;27;April;Saturday;6;2;0;1;1;202404
20240428;2024-04-28;2024;4;28;April;Sunday;7;2;0;1;0;202404
20240429;2024-04-29;2024;4;29;April;Monday;1;2;0;0;1;202404
20240430;2024-04-30;2024;4;30;April;Tuesday;2;2;0;0;1;202404
20240501;2024-05-01;2024;5;1;May;Wednesday;3;2;1;0;0;202405
20240502;2024-05-02;2024;5;2;May;Thursday;4;2;0;0;1;202405
20240503;2024-05-03;2024;5;3;May;Friday;5;2;1;0;0;202405
20240504;2024-05-04;2024;5;4;May;Saturday;6;2;0;1;1;202405
20240505;2024-05-05;2024;5;5;May;Sunday;7;2;0;1;0;202405
20240506;2024-05-06;2024;5;6;May;Monday;1;2;0;0;1;202405
20240507;2024-05-07;2024;5;7;May;Tuesday;2;2;0;0;1;202405
20240508;2024-05-08;2024;5;8;May;Wednesday;3;2;0;0;1;202405
20240509;2024-05-09;2024;5;9;May;Thursday;4;2;0;0;1;202405
20240510;2024-05-10;2024;5;10;May;Friday;5;2;0;0;1;202405
20240511;2024-05-11;2024;5;11;May;Saturday;6;2;0;1;1;202405
20240512;2024-05-12;2024;5;12;May;Sunday;7;2;0;1;0;202405
20240513;2024-05-13;2024;5;13;May;Monday;1;2;0;0;1;202405
20240514;2024-05-14;2024;5;14;May;Tuesday;2;2;0;0;1;202405
20240515;2024-05-15;2024;5;15;May;Wednesday;3;2;0;0;1;202405
20240516;2024-05-16;2024;5;16;May;Thursday;4;2;0;0;1;202405
20240517;2024-05-17;2024;5;17;May;Friday;5;2;0;0;1;202405
20240518;2024-05-18;2024;5;18;May;Saturday;6;2;0;1;1;202405
20240519;2024-05-19;2024;5;19;May;Sunday;7;2;0;1;0;202405
20240520;2024-05-20;2024;5;20;May;Monday;1;2;0;0;1;202405
20240521;2024-05-21;2024;5;21;May;Tuesday;2;2;0;0;1;202405
20240522;2024-05-22;2024;5;22;May;Wednesday;3;2;0;0;1;202405
20240523;2024-05-23;2024;5;23;May;Thursday;4;2;0;0;1;202405
20240524;2024-05-24;2024;5;24;May;Friday;5;2;0;0;1;202405
20240525;2024-05-25;2024;5;25;May;Saturday;6;2;0;1;1;202405
20240526;2024-05-26;2024;5;26;May;Sunday;7;2;0;1;0;202405
20240527;2024-05-27;2024;5;27;May;Monday;1;2;0;0;1;202405
20240528;2024-05-28;2024;5;28;May;Tuesday;2;2;0;0;1;202405
20240529;2024-05-29;2024;5;29;May;Wednesday;3;2;0;0;1;202405
20240530;2024-05-30;2024;5;30;May;Thursday;4;2;0;0;1;202405
20240531;2024-05-31;2024;5;31;May;Friday;5;2;0;0;1;202405
20240601;2024-06-01;2024;6;1;June;Saturday;6;2;0;1;1;202406
20240602;2024-06-02;2024;6;2;June;Sunday;7;2;0;1;0;202406
20240603;2024-06-03;2024;6;3;June;Monday;1;2;0;0;1;202406
20240604;2024-06-04;2024;6;4;June;Tuesday;2;2;0;0;1;202406
20240605;2024-06-05;2024;6;5;June;Wednesday;3;2;0;0;1;202406
20240606;2024-06-06;2024;6;6;June;Thursday;4;2;0;0;1;202406
20240607;2024-06-07;2024;6;7;June;Friday;5;2;0;0;1;202406
20240608;2024-06-08;2024;6;8;June;Saturday;6;2;0;1;1;202406
20240609;2024-06-09;2024;6;9;June;Sunday;7;2;0;1;0;202406
20240610;2024-06-10;2024;6;10;June;Monday;1;2;0;0;1;202406
20240611;2024-06-11;2024;6;11;June;Tuesday;2;2;0;0;1;202406
20240612;2024-06-12;2024;6;12;June;Wednesday;3;2;0;0;1;202406
20240613;2024-06-13;2024;6;13;June;Thursday;4;2;0;0;1;202406
20240614;2024-06-14;2024;6;14;June;Friday;5;2;0;0;1;202406
20240615;2024-06-15;2024;6;15;June;Saturday;6;2;0;1;1;202406
20240616;2024-06-16;2024;6;16;June;Sunday;7;2;0;1;0;202406
20240617;2024-06-17;2024;6;17;June;Monday;1;2;0;0;1;202406
20240618;2024-06-18;2024;6;18;June;Tuesday;2;2;0;0;1;202406
20240619;2024-06-19;2024;6;19;June;Wednesday;3;2;0;0;1;202406
20240620;2024-06-20;2024;6;20;June;Thursday;4;2;0;0;1;202406
20240621;2024-06-21;2024;6;21;June;Friday;5;2;0;0;1;202406
20240622;2024-06-22;2024;6;22;June;Saturday;6;2;0;1;1;202406
20240623;2024-06-23;2024;6;23;June;Sunday;7;2;0;1;0;202406
20240624;2024-06-24;2024;6;24;June;Monday;1;2;0;0;1;202406
20240625;2024-06-25;2024;6;25;June;Tuesday;2;2;0;0;1;202406
20240626;2024-06-26;2024;6;26;June;Wednesday;3;2;0;0;1;202406
20240627;2024-06-27;2024;6;27;June;Thursday;4;2;0;0;1;202406
20240628;2024-06-28;2024;6;28;June;Friday;5;2;0;0;1;202406
20240629;2024-06-29;2024;6;29;June;Saturday;6;2;0;1;1;202406
20240630;2024-06-30;2024;6;30;June;Sunday;7;2;0;1;0;202406
20240701;2024-07-01;2024;7;1;July;Monday;1;3;0;0;1;202407
20240702;2024-07-02;2024;7;2;July;Tuesday;2;3;0;0;1;202407
20240703;2024-07-03;2024;7;3;July;Wednesday;3;3;0;0;1;202407
20240704;2024-07-04;2024;7;4;July;Thursday;4;3;0;0;1;202407
20240705;2024-07-05;2024;7;5;July;Friday;5;3;0;0;1;202407
20240706;2024-07-06;2024;7;6;July;Saturday;6;3;0;1;1;202407
20240707;2024-07-07;2024;7;7;July;Sunday;7;3;0;1;0;202407
20240708;2024-07-08;2024;7;8;July;Monday;1;3;0;0;1;202407
20240709;2024-07-09;2024;7;9;July;Tuesday;2;3;0;0;1;202407
20240710;2024-07-10;2024;7;10;July;Wednesday;3;3;0;0;1;202407
20240711;2024-07-11;2024;7;11;July;Thursday;4;3;0;0;1;202407
20240712;2024-07-12;2024;7;12;July;Friday;5;3;0;0;1;202407
20240713;2024-07-13;2024;7;13;July;Saturday;6;3;0;1;1;202407
20240714;2024-07-14;2024;7;14;July;Sunday;7;3;0;1;0;202407
20240715;2024-07-15;2024;7;15;July;Monday;1;3;0;0;1;202407
20240716;2024-07-16;2024;7;16;July;Tuesday;2;3;0;0;1;202407
20240717;2024-07-17;2024;7;17;July;Wednesday;3;3;0;0;1;202407
20240718;2024-07-18;2024;7;18;July;Thursday;4;3;0;0;1;202407
20240719;2024-07-19;2024;7;19;July;Friday;5;3;0;0;1;202407
20240720;2024-07-20;2024;7;20;July;Saturday;6;3;0;1;1;202407
20240721;2024-07-21;2024;7;21;July;Sunday;7;3;0;1;0;202407
20240722;2024-07-22;2024;7;22;July;Monday;1;3;0;0;1;202407
20240723;2024-07-23;2024;7;23;July;Tuesday;2;3;0;0;1;202407
20240724;2024-07-24;2024;7;24;July;Wednesday;3;3;0;0;1;202407
20240725;2024-07-25;2024;7;25;July;Thursday;4;3;0;0;1;202407
20240726;2024-07-26;2024;7;26;July;Friday;5;3;0;0;1;202407
20240727;2024-07-27;2024;7;27;July;Saturday;6;3;0;1;1;202407
20240728;2024-07-28;2024;7;28;July;Sunday;7;3;0;1;0;202407
20240729;2024-07-29;2024;7;29;July;Monday;1;3;0;0;1;202407
20240730;2024-07-30;2024;7;30;July;Tuesday;2;3;0;0;1;202407
20240731;2024-07-31;2024;7;31;July;Wednesday;3;3;0;0;1;202407
20240801;2024-08-01;2024;8;1;August;Thursday;4;3;0;0;1;202408
20240802;2024-08-02;2024;8;2;August;Friday;5;3;0;0;1;202408
20240803;2024-08-03;2024;8;3;August;Saturday;6;3;0;1;1;202408
20240804;2024-08-04;2024;8;4;August;Sunday;7;3;0;1;0;202408
20240805;2024-08-05;2024;8;5;August;Monday;1;3;0;0;1;202408
20240806;2024-08-06;2024;8;6;August;Tuesday;2;3;0;0;1;202408
20240807;2024-08-07;2024;8;7;August;Wednesday;3;3;0;0;1;202408
20240808;2024-08-08;2024;8;8;August;Thursday;4;3;0;0;1;202408
20240809;2024-08-09;2024;8;9;August;Friday;5;3;0;0;1;202408
20240810;2024-08-10;2024;8;10;August;Saturday;6;3;0;1;1;202408
20240811;2024-08-11;2024;8;11;August;Sunday;7;3;0;1;0;202408
20240812;2024-08-12;2024;8;12;August;Monday;1;3;0;0;1;202408
20240813;2024-08-13;2024;8;13;August;Tuesday;2;3;0;0;1;202408
20240814;2024-08-14;2024;8;14;August;Wednesday;3;3;0;0;1;202408
20240815;2024-08-15;2024;8;15;August;Thursday;4;3;1;0;0;202408
20240816;2024-08-16;2024;8;16;August;Friday;5;3;0;0;1;202408
20240817;2024-08-17;2024;8;17;August;Saturday;6;3;0;1;1;202408
20240818;2024-08-18;2024;8;18;August;Sunday;7;3;0;1;0;202408
20240819;2024-08-19;2024;8;19;August;Monday;1;3;0;0;1;202408
20240820;2024-08-20;2024;8;20;August;Tuesday;2;3;0;0;1;202408
20240821;2024-08-21;2024;8;21;August;Wednesday;3;3;0;0;1;202408
20240822;2024-08-22;2024;8;22;August;Thursday;4;3;0;0;1;202408
20240823;2024-08-23;2024;8;23;August;Friday;5;3;0;0;1;202408
20240824;2024-08-24;2024;8;24;August;Saturday;6;3;0;1;1;202408
20240825;2024-08-25;2024;8;25;August;Sunday;7;3;0;1;0;202408
20240826;2024-08-26;2024;8;26;August;Monday;1;3;0;0;1;202408
20240827;2024-08-27;2024;8;27;August;Tuesday;2;3;0;0;1;202408
20240828;2024-08-28;2024;8;28;August;Wednesday;3;3;0;0;1;202408
20240829;2024-08-29;2024;8;29;August;Thursday;4;3;0;0;1;202408
20240830;2024-08-30;2024;8;30;August;Friday;5;3;0;0;1;202408
20240831;2024-08-31;2024;8;31;August;Saturday;6;3;0;1;1;202408
20240901;2024-09-01;2024;9;1;September;Sunday;7;3;0;1;0;202409
20240902;2024-09-02;2024;9;2;September;Monday;1;3;0;0;1;202409
20240903;2024-09-03;2024;9;3;September;Tuesday;2;3;0;0;1;202409
20240904;2024-09-04;2024;9;4;September;Wednesday;3;3;0;0;1;202409
20240905;2024-09-05;2024;9;5;September;Thursday;4;3;0;0;1;202409
20240906;2024-09-06;2024;9;6;September;Friday;5;3;0;0;1;202409
20240907;2024-09-07;2024;9;7;September;Saturday;6;3;0;1;1;202409
20240908;2024-09-08;2024;9;8;September;Sunday;7;3;0;1;0;202409
20240909;2024-09-09;2024;9;9;September;Monday;1;3;0;0;1;202409
20240910;2024-09-10;2024;9;10;September;Tuesday;2;3;0;0;1;202409
20240911;2024-09-11;2024;9;11;September;Wednesday;3;3;0;0;1;202409
20240912;2024-09-12;2024;9;12;September;Thursday;4;3;0;0;1;202409
20240913;2024-09-13;2024;9;13;September;Friday;5;3;0;0;1;202409
20240914;2024-09-14;2024;9;14;September;Saturday;6;3;0;1;1;202409
20240915;2024-09-15;2024;9;15;September;Sunday;7;3;0;1;0;202409
20240916;2024-09-16;2024;9;16;September;Monday;1;3;0;0;1;202409
20240917;2024-09-17;2024;9;17;September;Tuesday;2;3;0;0;1;202409
20240918;2024-09-18;2024;9;18;September;Wednesday;3;3;0;0;1;202409
20240919;2024-09-19;2024;9;19;September;Thursday;4;3;0;0;1;202409
20240920;2024-09-20;2024;9;20;September;Friday;5;3;0;0;1;202409
20240921;2024-09-21;2024;9;21;September;Saturday;6;3;0;1;1;202409
20240922;2024-09-22;2024;9;22;September;Sunday;7;3;0;1;0;202409
20240923;2024-09-23;2024;9;23;September;Monday;1;3;0;0;1;202409
20240924;2024-09-24;2024;9;24;September;Tuesday;2;3;0;0;1;202409
20240925;2024-09-25;2024;9;25;September;Wednesday;3;3;0;0;1;202409
20240926;2024-09-26;2024;9;26;September;Thursday;4;3;0;0;1;202409
20240927;2024-09-27;2024;9;27;September;Friday;5;3;0;0;1;202409
20240928;2024-09-28;2024;9;28;September;Saturday;6;3;0;1;1;202409
20240929;2024-09-29;2024;9;29;September;Sunday;7;3;0;1;0;202409
20240930;2024-09-30;2024;9;30;September;Monday;1;3;0;0;1;202409
20241001;2024-10-01;2024;10;1;October;Tuesday;2;4;0;0;1;202410
20241002;2024-10-02;2024;10;2;October;Wednesday;3;4;0;0;1;202410
20241003;2024-10-03;2024;10;3;October;Thursday;4;4;0;0;1;202410
20241004;2024-10-04;2024;10;4;October;Friday;5;4;0;0;1;202410
20241005;2024-10-05;2024;10;5;October;Saturday;6;4;0;1;1;202410
20241006;2024-10-06;2024;10;6;October;Sunday;7;4;0;1;0;202410
20241007;2024-10-07;2024;10;7;October;Monday;1;4;0;0;1;202410
20241008;2024-10-08;2024;10;8;October;Tuesday;2;4;0;0;1;202410
20241009;2024-10-09;2024;10;9;October;Wednesday;3;4;0;0;1;202410
20241010;2024-10-10;2024;10;10;October;Thursday;4;4;0;0;1;202410
20241011;2024-10-11;2024;10;11;October;Friday;5;4;0;0;1;202410
20241012;2024-10-12;2024;10;12;October;Saturday;6;4;0;1;1;202410
20241013;2024-10-13;2024;10;13;October;Sunday;7;4;0;1;0;202410
20241014;2024-10-14;2024;10;14;October;Monday;1;4;0;0;1;202410
20241015;2024-10-15;2024;10;15;October;Tuesday;2;4;0;0;1;202410
20241016;2024-10-16;2024;10;16;October;Wednesday;3;4;0;0;1;202410
20241017;2024-10-17;2024;10;17;October;Thursday;4;4;0;0;1;202410
20241018;2024-10-18;2024;10;18;October;Friday;5;4;0;0;1;202410
20241019;2024-10-19;2024;10;19;October;Saturday;6;4;0;1;1;202410
20241020;2024-10-20;2024;10;20;October;Sunday;7;4;0;1;0;202410
20241021;2024-10-21;2024;10;21;October;Monday;1;4;0;0;1;202410
20241022;2024-10-22;2024;10;22;October;Tuesday;2;4;0;0;1;202410
20241023;2024-10-23;2024;10;23;October;Wednesday;3;4;0;0;1;202410
20241024;2024-10-24;2024;10;24;October;Thursday;4;4;0;0;1;202410
20241025;2024-10-25;2024;10;25;October;Friday;5;4;0;0;1;202410
20241026;2024-10-26;2024;10;26;October;Saturday;6;4;0;1;1;202410
20241027;2024-10-27;2024;10;27;October;Sunday;7;4;0;1;0;202410
20241028;2024-10-28;2024;10;28;October;Monday;1;4;0;0;1;202410
20241029;2024-10-29;2024;10;29;October;Tuesday;2;4;0;0;1;202410
20241030;2024-10-30;2024;10;30;October;Wednesday;3;4;0;0;1;202410
20241031;2024-10-31;2024;10;31;October;Thursday;4;4;0;0;1;202410
20241101;2024-11-01;2024;11;1;November;Friday;5;4;1;0;0;202411
20241102;2024-11-02;2024;11;2;November;Saturday;6;4;0;1;1;202411
20241103;2024-11-03;2024;11;3;November;Sunday;7;4;0;1;0;202411
20241104;2024-11-04;2024;11;4;November;Monday;1;4;0;0;1;202411
20241105;2024-11-05;2024;11;5;November;Tuesday;2;4;0;0;1;202411
20241106;2024-11-06;2024;11;6;November;Wednesday;3;4;0;0;1;202411
20241107;2024-11-07;2024;11;7;November;Thursday;4;4;0;0;1;202411
20241108;2024-11-08;2024;11;8;November;Friday;5;4;0;0;1;202411
20241109;2024-11-09;2024;11;9;November;Saturday;6;4;0;1;1;202411
20241110;2024-11-10;2024;11;10;November;Sunday;7;4;0;1;0;202411
20241111;2024-11-11;2024;11;11;November;Monday;1;4;1;0;0;202411
20241112;2024-11-12;2024;11;12;November;Tuesday;2;4;0;0;1;202411
20241113;2024-11-13;2024;11;13;November;Wednesday;3;4;0;0;1;202411
20241114;2024-11-14;2024;11;14;November;Thursday;4;4;0;0;1;202411
20241115;2024-11-15;2024;11;15;November;Friday;5;4;0;0;1;202411
20241116;2024-11-16;2024;11;16;November;Saturday;6;4;0;1;1;202411
20241117;2024-11-17;2024;11;17;November;Sunday;7;4;0;1;0;202411
20241118;2024-11-18;2024;11;18;November;Monday;1;4;0;0;1;202411
20241119;2024-11-19;2024;11;19;November;Tuesday;2;4;0;0;1;202411
20241120;2024-11-20;2024;11;20;November;Wednesday;3;4;0;0;1;202411
20241121;2024-11-21;2024;11;21;November;Thursday;4;4;0;0;1;202411
20241122;2024-11-22;2024;11;22;November;Friday;5;4;0;0;1;202411
20241123;2024-11-23;2024;11;23;November;Saturday;6;4;0;1;1;202411
20241124;2024-11-24;2024;11;24;November;Sunday;7;4;0;1;0;202411
20241125;2024-11-25;2024;11;25;November;Monday;1;4;0;0;1;202411
20241126;2024-11-26;2024;11;26;November;Tuesday;2;4;0;0;1;202411
20241127;2024-11-27;2024;11;27;November;Wednesday;3;4;0;0;1;202411
20241128;2024-11-28;2024;11;28;November;Thursday;4;4;0;0;1;202411
20241129;2024-11-29;2024;11;29;November;Friday;5;4;0;0;1;202411
20241130;2024-11-30;2024;11;30;November;Saturday;6;4;0;1;1;202411
20241201;2024-12-01;2024;12;1;December;Sunday;7;4;0;1;0;202412
20241202;2024-12-02;2024;12;2;December;Monday;1;4;0;0;1;202412
20241203;2024-12-03;2024;12;3;December;Tuesday;2;4;0;0;1;202412
20241204;2024-12-04;2024;12;4;December;Wednesday;3;4;0;0;1;202412
20241205;2024-12-05;2024;12;5;December;Thursday;4;4;0;0;1;202412
20241206;2024-12-06;2024;12;6;December;Friday;5;4;0;0;1;202412
20241207;2024-12-07;2024;12;7;December;Saturday;6;4;0;1;1;202412
20241208;2024-12-08;2024;12;8;December;Sunday;7;4;0;1;0;202412
20241209;2024-12-09;2024;12;9;December;Monday;1;4;0;0;1;202412
20241210;2024-12-10;2024;12;10;December;Tuesday;2;4;0;0;1;202412
20241211;2024-12-11;2024;12;11;December;Wednesday;3;4;0;0;1;202412
20241212;2024-12-12;2024;12;12;December;Thursday;4;4;0;0;1;202412
20241213;2024-12-13;2024;12;13;December;Friday;5;4;0;0;1;202412
20241214;2024-12-14;2024;12;14;December;Saturday;6;4;0;1;1;202412
20241215;2024-12-15;2024;12;15;December;Sunday;7;4;0;1;0;202412
20241216;2024-12-16;2024;12;16;December;Monday;1;4;0;0;1;202412
20241217;2024-12-17;2024;12;17;December;Tuesday;2;4;0;0;1;202412
20241218;2024-12-18;2024;12;18;December;Wednesday;3;4;0;0;1;202412
20241219;2024-12-19;2024;12;19;December;Thursday;4;4;0;0;1;202412
20241220;2024-12-20;2024;12;20;December;Friday;5;4;0;0;1;202412
20241221;2024-12-21;2024;12;21;December;Saturday;6;4;0;1;1;202412
20241222;2024-12-22;2024;12;22;December;Sunday;7;4;0;1;1;202412
20241223;2024-12-23;2024;12;23;December;Monday;1;4;0;0;1;202412
20241224;2024-12-24;2024;12;24;December;Tuesday;2;4;0;0;1;202412
20241225;2024-12-25;2024;12;25;December;Wednesday;3;4;1;0;0;202412
20241226;2024-12-26;2024;12;26;December;Thursday;4;4;1;0;0;202412
20241227;2024-12-27;2024;12;27;December;Friday;5;4;0;0;1;202412
20241228;2024-12-28;2024;12;28;December;Saturday;6;4;0;1;1;202412
20241229;2024-12-29;2024;12;29;December;Sunday;7;4;0;1;1;202412
20241230;2024-12-30;2024;12;30;December;Monday;1;4;0;0;1;202412
20241231;2024-12-31;2024;12;31;December;Tuesday;2;4;0;0;1;202412
20250101;2025-01-01;2025;1;1;January;Wednesday;3;1;1;0;0;202501
20250102;2025-01-02;2025;1;2;January;Thursday;4;1;0;0;1;202501
20250103;2025-01-03;2025;1;3;January;Friday;5;1;0;0;1;202501
20250104;2025-01-04;2025;1;4;January;Saturday;6;1;0;1;1;202501
20250105;2025-01-05;2025;1;5;January;Sunday;7;1;0;1;0;202501
20250106;2025-01-06;2025;1;6;January;Monday;1;1;1;0;0;202501
20250107;2025-01-07;2025;1;7;January;Tuesday;2;1;0;0;1;202501
20250108;2025-01-08;2025;1;8;January;Wednesday;3;1;0;0;1;202501
20250109;2025-01-09;2025;1;9;January;Thursday;4;1;0;0;1;202501
20250110;2025-01-10;2025;1;10;January;Friday;5;1;0;0;1;202501
20250111;2025-01-11;2025;1;11;January;Saturday;6;1;0;1;1;202501
20250112;2025-01-12;2025;1;12;January;Sunday;7;1;0;1;0;202501
20250113;2025-01-13;2025;1;13;January;Monday;1;1;0;0;1;202501
20250114;2025-01-14;2025;1;14;January;Tuesday;2;1;0;0;1;202501
20250115;2025-01-15;2025;1;15;January;Wednesday;3;1;0;0;1;202501
20250116;2025-01-16;2025;1;16;January;Thursday;4;1;0;0;1;202501
20250117;2025-01-17;2025;1;17;January;Friday;5;1;0;0;1;202501
20250118;2025-01-18;2025;1;18;January;Saturday;6;1;0;1;1;202501
20250119;2025-01-19;2025;1;19;January;Sunday;7;1;0;1;0;202501
20250120;2025-01-20;2025;1;20;January;Monday;1;1;0;0;1;202501
20250121;2025-01-21;2025;1;21;January;Tuesday;2;1;0;0;1;202501
20250122;2025-01-22;2025;1;22;January;Wednesday;3;1;0;0;1;202501
20250123;2025-01-23;2025;1;23;January;Thursday;4;1;0;0;1;202501
20250124;2025-01-24;2025;1;24;January;Friday;5;1;0;0;1;202501
20250125;2025-01-25;2025;1;25;January;Saturday;6;1;0;1;1;202501
20250126;2025-01-26;2025;1;26;January;Sunday;7;1;0;1;0;202501
20250127;2025-01-27;2025;1;27;January;Monday;1;1;0;0;1;202501
20250128;2025-01-28;2025;1;28;January;Tuesday;2;1;0;0;1;202501
20250129;2025-01-29;2025;1;29;January;Wednesday;3;1;0;0;1;202501
20250130;2025-01-30;2025;1;30;January;Thursday;4;1;0;0;1;202501
20250131;2025-01-31;2025;1;31;January;Friday;5;1;0;0;1;202501
20250201;2025-02-01;2025;2;1;February;Saturday;6;1;0;1;1;202502
20250202;2025-02-02;2025;2;2;February;Sunday;7;1;0;1;0;202502
20250203;2025-02-03;2025;2;3;February;Monday;1;1;0;0;1;202502
20250204;2025-02-04;2025;2;4;February;Tuesday;2;1;0;0;1;202502
20250205;2025-02-05;2025;2;5;February;Wednesday;3;1;0;0;1;202502
20250206;2025-02-06;2025;2;6;February;Thursday;4;1;0;0;1;202502
20250207;2025-02-07;2025;2;7;February;Friday;5;1;0;0;1;202502
20250208;2025-02-08;2025;2;8;February;Saturday;6;1;0;1;1;202502
20250209;2025-02-09;2025;2;9;February;Sunday;7;1;0;1;0;202502
20250210;2025-02-10;2025;2;10;February;Monday;1;1;0;0;1;202502
20250211;2025-02-11;2025;2;11;February;Tuesday;2;1;0;0;1;202502
20250212;2025-02-12;2025;2;12;February;Wednesday;3;1;0;0;1;202502
20250213;2025-02-13;2025;2;13;February;Thursday;4;1;0;0;1;202502
20250214;2025-02-14;2025;2;14;February;Friday;5;1;0;0;1;202502
20250215;2025-02-15;2025;2;15;February;Saturday;6;1;0;1;1;202502
20250216;2025-02-16;2025;2;16;February;Sunday;7;1;0;1;0;202502
20250217;2025-02-17;2025;2;17;February;Monday;1;1;0;0;1;202502
20250218;2025-02-18;2025;2;18;February;Tuesday;2;1;0;0;1;202502
20250219;2025-02-19;2025;2;19;February;Wednesday;3;1;0;0;1;202502
20250220;2025-02-20;2025;2;20;February;Thursday;4;1;0;0;1;202502
20250221;2025-02-21;2025;2;21;February;Friday;5;1;0;0;1;202502
20250222;2025-02-22;2025;2;22;February;Saturday;6;1;0;1;1;202502
20250223;2025-02-23;2025;2;23;February;Sunday;7;1;0;1;0;202502
20250224;2025-02-24;2025;2;24;February;Monday;1;1;0;0;1;202502
20250225;2025-02-25;2025;2;25;February;Tuesday;2;1;0;0;1;202502
20250226;2025-02-26;2025;2;26;February;Wednesday;3;1;0;0;1;202502
20250227;2025-02-27;2025;2;27;February;Thursday;4;1;0;0;1;202502
20250228;2025-02-28;2025;2;28;February;Friday;5;1;0;0;1;202502
20250301;2025-03-01;2025;3;1;March;Saturday;6;1;0;1;1;202503
20250302;2025-03-02;2025;3;2;March;Sunday;7;1;0;1;0;202503
20250303;2025-03-03;2025;3;3;March;Monday;1;1;0;0;1;202503
20250304;2025-03-04;2025;3;4;March;Tuesday;2;1;0;0;1;202503
20250305;2025-03-05;2025;3;5;March;Wednesday;3;1;0;0;1;202503
20250306;2025-03-06;2025;3;6;March;Thursday;4;1;0;0;1;202503
20250307;2025-03-07;2025;3;7;March;Friday;5;1;0;0;1;202503
20250308;2025-03-08;2025;3;8;March;Saturday;6;1;0;1;1;202503
20250309;2025-03-09;2025;3;9;March;Sunday;7;1;0;1;0;202503
20250310;2025-03-10;2025;3;10;March;Monday;1;1;0;0;1;202503
20250311;2025-03-11;2025;3;11;March;Tuesday;2;1;0;0;1;202503
20250312;2025-03-12;2025;3;12;March;Wednesday;3;1;0;0;1;202503
20250313;2025-03-13;2025;3;13;March;Thursday;4;1;0;0;1;202503
20250314;2025-03-14;2025;3;14;March;Friday;5;1;0;0;1;202503
20250315;2025-03-15;2025;3;15;March;Saturday;6;1;0;1;1;202503
20250316;2025-03-16;2025;3;16;March;Sunday;7;1;0;1;0;202503
20250317;2025-03-17;2025;3;17;March;Monday;1;1;0;0;1;202503
20250318;2025-03-18;2025;3;18;March;Tuesday;2;1;0;0;1;202503
20250319;2025-03-19;2025;3;19;March;Wednesday;3;1;0;0;1;202503
20250320;2025-03-20;2025;3;20;March;Thursday;4;1;0;0;1;202503
20250321;2025-03-21;2025;3;21;March;Friday;5;1;0;0;1;202503
20250322;2025-03-22;2025;3;22;March;Saturday;6;1;0;1;1;202503
20250323;2025-03-23;2025;3;23;March;Sunday;7;1;0;1;0;202503
20250324;2025-03-24;2025;3;24;March;Monday;1;1;0;0;1;202503
20250325;2025-03-25;2025;3;25;March;Tuesday;2;1;0;0;1;202503
20250326;2025-03-26;2025;3;26;March;Wednesday;3;1;0;0;1;202503
20250327;2025-03-27;2025;3;27;March;Thursday;4;1;0;0;1;202503
20250328;2025-03-28;2025;3;28;March;Friday;5;1;0;0;1;202503
20250329;2025-03-29;2025;3;29;March;Saturday;6;1;0;1;1;202503
20250330;2025-03-30;2025;3;30;March;Sunday;7;1;0;1;0;202503
20250331;2025-03-31;2025;3;31;March;Monday;1;1;0;0;1;202503
20250401;2025-04-01;2025;4;1;April;Tuesday;2;2;0;0;1;202504
20250402;2025-04-02;2025;4;2;April;Wednesday;3;2;0;0;1;202504
20250403;2025-04-03;2025;4;3;April;Thursday;4;2;0;0;1;202504
20250404;2025-04-04;2025;4;4;April;Friday;5;2;0;0;1;202504
20250405;2025-04-05;2025;4;5;April;Saturday;6;2;0;1;1;202504
20250406;2025-04-06;2025;4;6;April;Sunday;7;2;0;1;0;202504
20250407;2025-04-07;2025;4;7;April;Monday;1;2;0;0;1;202504
20250408;2025-04-08;2025;4;8;April;Tuesday;2;2;0;0;1;202504
20250409;2025-04-09;2025;4;9;April;Wednesday;3;2;0;0;1;202504
20250410;2025-04-10;2025;4;10;April;Thursday;4;2;0;0;1;202504
20250411;2025-04-11;2025;4;11;April;Friday;5;2;0;0;1;202504
20250412;2025-04-12;2025;4;12;April;Saturday;6;2;0;1;1;202504
20250413;2025-04-13;2025;4;13;April;Sunday;7;2;0;1;0;202504
20250414;2025-04-14;2025;4;14;April;Monday;1;2;0;0;1;202504
20250415;2025-04-15;2025;4;15;April;Tuesday;2;2;0;0;1;202504
20250416;2025-04-16;2025;4;16;April;Wednesday;3;2;0;0;1;202504
20250417;2025-04-17;2025;4;17;April;Thursday;4;2;0;0;1;202504
20250418;2025-04-18;2025;4;18;April;Friday;5;2;0;0;1;202504
20250419;2025-04-19;2025;4;19;April;Saturday;6;2;0;1;1;202504
20250420;2025-04-20;2025;4;20;April;Sunday;7;2;0;1;0;202504
20250421;2025-04-21;2025;4;21;April;Monday;1;2;0;0;1;202504
20250422;2025-04-22;2025;4;22;April;Tuesday;2;2;0;0;1;202504
20250423;2025-04-23;2025;4;23;April;Wednesday;3;2;0;0;1;202504
20250424;2025-04-24;2025;4;24;April;Thursday;4;2;0;0;1;202504
20250425;2025-04-25;2025;4;25;April;Friday;5;2;0;0;1;202504
20250426;2025-04-26;2025;4;26;April;Saturday;6;2;0;1;1;202504
20250427;2025-04-27;2025;4;27;April;Sunday;7;2;0;1;0;202504
20250428;2025-04-28;2025;4;28;April;Monday;1;2;0;0;1;202504
20250429;2025-04-29;2025;4;29;April;Tuesday;2;2;0;0;1;202504
20250430;2025-04-30;2025;4;30;April;Wednesday;3;2;0;0;1;202504
20250501;2025-05-01;2025;5;1;May;Thursday;4;2;1;0;0;202505
20250502;2025-05-02;2025;5;2;May;Friday;5;2;0;0;1;202505
20250503;2025-05-03;2025;5;3;May;Saturday;6;2;1;1;0;202505
20250504;2025-05-04;2025;5;4;May;Sunday;7;2;0;1;0;202505
20250505;2025-05-05;2025;5;5;May;Monday;1;2;0;0;1;202505
20250506;2025-05-06;2025;5;6;May;Tuesday;2;2;0;0;1;202505
20250507;2025-05-07;2025;5;7;May;Wednesday;3;2;0;0;1;202505
20250508;2025-05-08;2025;5;8;May;Thursday;4;2;0;0;1;202505
20250509;2025-05-09;2025;5;9;May;Friday;5;2;0;0;1;202505
20250510;2025-05-10;2025;5;10;May;Saturday;6;2;0;1;1;202505
20250511;2025-05-11;2025;5;11;May;Sunday;7;2;0;1;0;202505
20250512;2025-05-12;2025;5;12;May;Monday;1;2;0;0;1;202505
20250513;2025-05-13;2025;5;13;May;Tuesday;2;2;0;0;1;202505
20250514;2025-05-14;2025;5;14;May;Wednesday;3;2;0;0;1;202505
20250515;2025-05-15;2025;5;15;May;Thursday;4;2;0;0;1;202505
20250516;2025-05-16;2025;5;16;May;Friday;5;2;0;0;1;202505
20250517;2025-05-17;2025;5;17;May;Saturday;6;2;0;1;1;202505
20250518;2025-05-18;2025;5;18;May;Sunday;7;2;0;1;0;202505
20250519;2025-05-19;2025;5;19;May;Monday;1;2;0;0;1;202505
20250520;2025-05-20;2025;5;20;May;Tuesday;2;2;0;0;1;202505
20250521;2025-05-21;2025;5;21;May;Wednesday;3;2;0;0;1;202505
20250522;2025-05-22;2025;5;22;May;Thursday;4;2;0;0;1;202505
20250523;2025-05-23;2025;5;23;May;Friday;5;2;0;0;1;202505
20250524;2025-05-24;2025;5;24;May;Saturday;6;2;0;1;1;202505
20250525;2025-05-25;2025;5;25;May;Sunday;7;2;0;1;0;202505
20250526;2025-05-26;2025;5;26;May;Monday;1;2;0;0;1;202505
20250527;2025-05-27;2025;5;27;May;Tuesday;2;2;0;0;1;202505
20250528;2025-05-28;2025;5;28;May;Wednesday;3;2;0;0;1;202505
20250529;2025-05-29;2025;5;29;May;Thursday;4;2;0;0;1;202505
20250530;2025-05-30;2025;5;30;May;Friday;5;2;0;0;1;202505
20250531;2025-05-31;2025;5;31;May;Saturday;6;2;0;1;1;202505
20250601;2025-06-01;2025;6;1;June;Sunday;7;2;0;1;0;202506
20250602;2025-06-02;2025;6;2;June;Monday;1;2;0;0;1;202506
20250603;2025-06-03;2025;6;3;June;Tuesday;2;2;0;0;1;202506
20250604;2025-06-04;2025;6;4;June;Wednesday;3;2;0;0;1;202506
20250605;2025-06-05;2025;6;5;June;Thursday;4;2;0;0;1;202506
20250606;2025-06-06;2025;6;6;June;Friday;5;2;0;0;1;202506
20250607;2025-06-07;2025;6;7;June;Saturday;6;2;0;1;1;202506
20250608;2025-06-08;2025;6;8;June;Sunday;7;2;0;1;0;202506
20250609;2025-06-09;2025;6;9;June;Monday;1;2;0;0;1;202506
20250610;2025-06-10;2025;6;10;June;Tuesday;2;2;0;0;1;202506
20250611;2025-06-11;2025;6;11;June;Wednesday;3;2;0;0;1;202506
20250612;2025-06-12;2025;6;12;June;Thursday;4;2;0;0;1;202506
20250613;2025-06-13;2025;6;13;June;Friday;5;2;0;0;1;202506
20250614;2025-06-14;2025;6;14;June;Saturday;6;2;0;1;1;202506
20250615;2025-06-15;2025;6;15;June;Sunday;7;2;0;1;0;202506
20250616;2025-06-16;2025;6;16;June;Monday;1;2;0;0;1;202506
20250617;2025-06-17;2025;6;17;June;Tuesday;2;2;0;0;1;202506
20250618;2025-06-18;2025;6;18;June;Wednesday;3;2;0;0;1;202506
20250619;2025-06-19;2025;6;19;June;Thursday;4;2;0;0;1;202506
20250620;2025-06-20;2025;6;20;June;Friday;5;2;0;0;1;202506
20250621;2025-06-21;2025;6;21;June;Saturday;6;2;0;1;1;202506
20250622;2025-06-22;2025;6;22;June;Sunday;7;2;0;1;0;202506
20250623;2025-06-23;2025;6;23;June;Monday;1;2;0;0;1;202506
20250624;2025-06-24;2025;6;24;June;Tuesday;2;2;0;0;1;202506
20250625;2025-06-25;2025;6;25;June;Wednesday;3;2;0;0;1;202506
20250626;2025-06-26;2025;6;26;June;Thursday;4;2;0;0;1;202506
20250627;2025-06-27;2025;6;27;June;Friday;5;2;0;0;1;202506
20250628;2025-06-28;2025;6;28;June;Saturday;6;2;0;1;1;202506
20250629;2025-06-29;2025;6;29;June;Sunday;7;2;0;1;0;202506
20250630;2025-06-30;2025;6;30;June;Monday;1;2;0;0;1;202506
20250701;2025-07-01;2025;7;1;July;Tuesday;2;3;0;0;1;202507
20250702;2025-07-02;2025;7;2;July;Wednesday;3;3;0;0;1;202507
20250703;2025-07-03;2025;7;3;July;Thursday;4;3;0;0;1;202507
20250704;2025-07-04;2025;7;4;July;Friday;5;3;0;0;1;202507
20250705;2025-07-05;2025;7;5;July;Saturday;6;3;0;1;1;202507
20250706;2025-07-06;2025;7;6;July;Sunday;7;3;0;1;0;202507
20250707;2025-07-07;2025;7;7;July;Monday;1;3;0;0;1;202507
20250708;2025-07-08;2025;7;8;July;Tuesday;2;3;0;0;1;202507
20250709;2025-07-09;2025;7;9;July;Wednesday;3;3;0;0;1;202507
20250710;2025-07-10;2025;7;10;July;Thursday;4;3;0;0;1;202507
20250711;2025-07-11;2025;7;11;July;Friday;5;3;0;0;1;202507
20250712;2025-07-12;2025;7;12;July;Saturday;6;3;0;1;1;202507
20250713;2025-07-13;2025;7;13;July;Sunday;7;3;0;1;0;202507
20250714;2025-07-14;2025;7;14;July;Monday;1;3;0;0;1;202507
20250715;2025-07-15;2025;7;15;July;Tuesday;2;3;0;0;1;202507
20250716;2025-07-16;2025;7;16;July;Wednesday;3;3;0;0;1;202507
20250717;2025-07-17;2025;7;17;July;Thursday;4;3;0;0;1;202507
20250718;2025-07-18;2025;7;18;July;Friday;5;3;0;0;1;202507
20250719;2025-07-19;2025;7;19;July;Saturday;6;3;0;1;1;202507
20250720;2025-07-20;2025;7;20;July;Sunday;7;3;0;1;0;202507
20250721;2025-07-21;2025;7;21;July;Monday;1;3;0;0;1;202507
20250722;2025-07-22;2025;7;22;July;Tuesday;2;3;0;0;1;202507
20250723;2025-07-23;2025;7;23;July;Wednesday;3;3;0;0;1;202507
20250724;2025-07-24;2025;7;24;July;Thursday;4;3;0;0;1;202507
20250725;2025-07-25;2025;7;25;July;Friday;5;3;0;0;1;202507
20250726;2025-07-26;2025;7;26;July;Saturday;6;3;0;1;1;202507
20250727;2025-07-27;2025;7;27;July;Sunday;7;3;0;1;0;202507
20250728;2025-07-28;2025;7;28;July;Monday;1;3;0;0;1;202507
20250729;2025-07-29;2025;7;29;July;Tuesday;2;3;0;0;1;202507
20250730;2025-07-30;2025;7;30;July;Wednesday;3;3;0;0;1;202507
20250731;2025-07-31;2025;7;31;July;Thursday;4;3;0;0;1;202507
20250801;2025-08-01;2025;8;1;August;Friday;5;3;0;0;1;202508
20250802;2025-08-02;2025;8;2;August;Saturday;6;3;0;1;1;202508
20250803;2025-08-03;2025;8;3;August;Sunday;7;3;0;1;0;202508
20250804;2025-08-04;2025;8;4;August;Monday;1;3;0;0;1;202508
20250805;2025-08-05;2025;8;5;August;Tuesday;2;3;0;0;1;202508
20250806;2025-08-06;2025;8;6;August;Wednesday;3;3;0;0;1;202508
20250807;2025-08-07;2025;8;7;August;Thursday;4;3;0;0;1;202508
20250808;2025-08-08;2025;8;8;August;Friday;5;3;0;0;1;202508
20250809;2025-08-09;2025;8;9;August;Saturday;6;3;0;1;1;202508
20250810;2025-08-10;2025;8;10;August;Sunday;7;3;0;1;0;202508
20250811;2025-08-11;2025;8;11;August;Monday;1;3;0;0;1;202508
20250812;2025-08-12;2025;8;12;August;Tuesday;2;3;0;0;1;202508
20250813;2025-08-13;2025;8;13;August;Wednesday;3;3;0;0;1;202508
20250814;2025-08-14;2025;8;14;August;Thursday;4;3;0;0;1;202508
20250815;2025-08-15;2025;8;15;August;Friday;5;3;1;0;0;202508
20250816;2025-08-16;2025;8;16;August;Saturday;6;3;0;1;1;202508
20250817;2025-08-17;2025;8;17;August;Sunday;7;3;0;1;0;202508
20250818;2025-08-18;2025;8;18;August;Monday;1;3;0;0;1;202508
20250819;2025-08-19;2025;8;19;August;Tuesday;2;3;0;0;1;202508
20250820;2025-08-20;2025;8;20;August;Wednesday;3;3;0;0;1;202508
20250821;2025-08-21;2025;8;21;August;Thursday;4;3;0;0;1;202508
20250822;2025-08-22;2025;8;22;August;Friday;5;3;0;0;1;202508
20250823;2025-08-23;2025;8;23;August;Saturday;6;3;0;1;1;202508
20250824;2025-08-24;2025;8;24;August;Sunday;7;3;0;1;0;202508
20250825;2025-08-25;2025;8;25;August;Monday;1;3;0;0;1;202508
20250826;2025-08-26;2025;8;26;August;Tuesday;2;3;0;0;1;202508
20250827;2025-08-27;2025;8;27;August;Wednesday;3;3;0;0;1;202508
20250828;2025-08-28;2025;8;28;August;Thursday;4;3;0;0;1;202508
20250829;2025-08-29;2025;8;29;August;Friday;5;3;0;0;1;202508
20250830;2025-08-30;2025;8;30;August;Saturday;6;3;0;1;1;202508
20250831;2025-08-31;2025;8;31;August;Sunday;7;3;0;1;0;202508
20250901;2025-09-01;2025;9;1;September;Monday;1;3;0;0;1;202509
20250902;2025-09-02;2025;9;2;September;Tuesday;2;3;0;0;1;202509
20250903;2025-09-03;2025;9;3;September;Wednesday;3;3;0;0;1;202509
20250904;2025-09-04;2025;9;4;September;Thursday;4;3;0;0;1;202509
20250905;2025-09-05;2025;9;5;September;Friday;5;3;0;0;1;202509
20250906;2025-09-06;2025;9;6;September;Saturday;6;3;0;1;1;202509
20250907;2025-09-07;2025;9;7;September;Sunday;7;3;0;1;0;202509
20250908;2025-09-08;2025;9;8;September;Monday;1;3;0;0;1;202509
20250909;2025-09-09;2025;9;9;September;Tuesday;2;3;0;0;1;202509
20250910;2025-09-10;2025;9;10;September;Wednesday;3;3;0;0;1;202509
20250911;2025-09-11;2025;9;11;September;Thursday;4;3;0;0;1;202509
20250912;2025-09-12;2025;9;12;September;Friday;5;3;0;0;1;202509
20250913;2025-09-13;2025;9;13;September;Saturday;6;3;0;1;1;202509
20250914;2025-09-14;2025;9;14;September;Sunday;7;3;0;1;0;202509
20250915;2025-09-15;2025;9;15;September;Monday;1;3;0;0;1;202509
20250916;2025-09-16;2025;9;16;September;Tuesday;2;3;0;0;1;202509
20250917;2025-09-17;2025;9;17;September;Wednesday;3;3;0;0;1;202509
20250918;2025-09-18;2025;9;18;September;Thursday;4;3;0;0;1;202509
20250919;2025-09-19;2025;9;19;September;Friday;5;3;0;0;1;202509
20250920;2025-09-20;2025;9;20;September;Saturday;6;3;0;1;1;202509
20250921;2025-09-21;2025;9;21;September;Sunday;7;3;0;1;0;202509
20250922;2025-09-22;2025;9;22;September;Monday;1;3;0;0;1;202509
20250923;2025-09-23;2025;9;23;September;Tuesday;2;3;0;0;1;202509
20250924;2025-09-24;2025;9;24;September;Wednesday;3;3;0;0;1;202509
20250925;2025-09-25;2025;9;25;September;Thursday;4;3;0;0;1;202509
20250926;2025-09-26;2025;9;26;September;Friday;5;3;0;0;1;202509
20250927;2025-09-27;2025;9;27;September;Saturday;6;3;0;1;1;202509
20250928;2025-09-28;2025;9;28;September;Sunday;7;3;0;1;0;202509
20250929;2025-09-29;2025;9;29;September;Monday;1;3;0;0;1;202509
20250930;2025-09-30;2025;9;30;September;Tuesday;2;3;0;0;1;202509
20251001;2025-10-01;2025;10;1;October;Wednesday;3;4;0;0;1;202510
20251002;2025-10-02;2025;10;2;October;Thursday;4;4;0;0;1;202510
20251003;2025-10-03;2025;10;3;October;Friday;5;4;0;0;1;202510
20251004;2025-10-04;2025;10;4;October;Saturday;6;4;0;1;1;202510
20251005;2025-10-05;2025;10;5;October;Sunday;7;4;0;1;0;202510
20251006;2025-10-06;2025;10;6;October;Monday;1;4;0;0;1;202510
20251007;2025-10-07;2025;10;7;October;Tuesday;2;4;0;0;1;202510
20251008;2025-10-08;2025;10;8;October;Wednesday;3;4;0;0;1;202510
20251009;2025-10-09;2025;10;9;October;Thursday;4;4;0;0;1;202510
20251010;2025-10-10;2025;10;10;October;Friday;5;4;0;0;1;202510
20251011;2025-10-11;2025;10;11;October;Saturday;6;4;0;1;1;202510
20251012;2025-10-12;2025;10;12;October;Sunday;7;4;0;1;0;202510
20251013;2025-10-13;2025;10;13;October;Monday;1;4;0;0;1;202510
20251014;2025-10-14;2025;10;14;October;Tuesday;2;4;0;0;1;202510
20251015;2025-10-15;2025;10;15;October;Wednesday;3;4;0;0;1;202510
20251016;2025-10-16;2025;10;16;October;Thursday;4;4;0;0;1;202510
20251017;2025-10-17;2025;10;17;October;Friday;5;4;0;0;1;202510
20251018;2025-10-18;2025;10;18;October;Saturday;6;4;0;1;1;202510
20251019;2025-10-19;2025;10;19;October;Sunday;7;4;0;1;0;202510
20251020;2025-10-20;2025;10;20;October;Monday;1;4;0;0;1;202510
20251021;2025-10-21;2025;10;21;October;Tuesday;2;4;0;0;1;202510
20251022;2025-10-22;2025;10;22;October;Wednesday;3;4;0;0;1;202510
20251023;2025-10-23;2025;10;23;October;Thursday;4;4;0;0;1;202510
20251024;2025-10-24;2025;10;24;October;Friday;5;4;0;0;1;202510
20251025;2025-10-25;2025;10;25;October;Saturday;6;4;0;1;1;202510
20251026;2025-10-26;2025;10;26;October;Sunday;7;4;0;1;0;202510
20251027;2025-10-27;2025;10;27;October;Monday;1;4;0;0;1;202510
20251028;2025-10-28;2025;10;28;October;Tuesday;2;4;0;0;1;202510
20251029;2025-10-29;2025;10;29;October;Wednesday;3;4;0;0;1;202510
20251030;2025-10-30;2025;10;30;October;Thursday;4;4;0;0;1;202510
20251031;2025-10-31;2025;10;31;October;Friday;5;4;0;0;1;202510
20251101;2025-11-01;2025;11;1;November;Saturday;6;4;1;1;0;202511
20251102;2025-11-02;2025;11;2;November;Sunday;7;4;0;1;0;202511
20251103;2025-11-03;2025;11;3;November;Monday;1;4;0;0;1;202511
20251104;2025-11-04;2025;11;4;November;Tuesday;2;4;0;0;1;202511
20251105;2025-11-05;2025;11;5;November;Wednesday;3;4;0;0;1;202511
20251106;2025-11-06;2025;11;6;November;Thursday;4;4;0;0;1;202511
20251107;2025-11-07;2025;11;7;November;Friday;5;4;0;0;1;202511
20251108;2025-11-08;2025;11;8;November;Saturday;6;4;0;1;1;202511
20251109;2025-11-09;2025;11;9;November;Sunday;7;4;0;1;0;202511
20251110;2025-11-10;2025;11;10;November;Monday;1;4;0;0;1;202511
20251111;2025-11-11;2025;11;11;November;Tuesday;2;4;1;0;0;202511
20251112;2025-11-12;2025;11;12;November;Wednesday;3;4;0;0;1;202511
20251113;2025-11-13;2025;11;13;November;Thursday;4;4;0;0;1;202511
20251114;2025-11-14;2025;11;14;November;Friday;5;4;0;0;1;202511
20251115;2025-11-15;2025;11;15;November;Saturday;6;4;0;1;1;202511
20251116;2025-11-16;2025;11;16;November;Sunday;7;4;0;1;0;202511
20251117;2025-11-17;2025;11;17;November;Monday;1;4;0;0;1;202511
20251118;2025-11-18;2025;11;18;November;Tuesday;2;4;0;0;1;202511
20251119;2025-11-19;2025;11;19;November;Wednesday;3;4;0;0;1;202511
20251120;2025-11-20;2025;11;20;November;Thursday;4;4;0;0;1;202511
20251121;2025-11-21;2025;11;21;November;Friday;5;4;0;0;1;202511
20251122;2025-11-22;2025;11;22;November;Saturday;6;4;0;1;1;202511
20251123;2025-11-23;2025;11;23;November;Sunday;7;4;0;1;0;202511
20251124;2025-11-24;2025;11;24;November;Monday;1;4;0;0;1;202511
20251125;2025-11-25;2025;11;25;November;Tuesday;2;4;0;0;1;202511
20251126;2025-11-26;2025;11;26;November;Wednesday;3;4;0;0;1;202511
20251127;2025-11-27;2025;11;27;November;Thursday;4;4;0;0;1;202511
20251128;2025-11-28;2025;11;28;November;Friday;5;4;0;0;1;202511
20251129;2025-11-29;2025;11;29;November;Saturday;6;4;0;1;1;202511
20251130;2025-11-30;2025;11;30;November;Sunday;7;4;0;1;0;202511
20251201;2025-12-01;2025;12;1;December;Monday;1;4;0;0;1;202512
20251202;2025-12-02;2025;12;2;December;Tuesday;2;4;0;0;1;202512
20251203;2025-12-03;2025;12;3;December;Wednesday;3;4;0;0;1;202512
20251204;2025-12-04;2025;12;4;December;Thursday;4;4;0;0;1;202512
20251205;2025-12-05;2025;12;5;December;Friday;5;4;0;0;1;202512
20251206;2025-12-06;2025;12;6;December;Saturday;6;4;0;1;1;202512
20251207;2025-12-07;2025;12;7;December;Sunday;7;4;0;1;0;202512
20251208;2025-12-08;2025;12;8;December;Monday;1;4;0;0;1;202512
20251209;2025-12-09;2025;12;9;December;Tuesday;2;4;0;0;1;202512
20251210;2025-12-10;2025;12;10;December;Wednesday;3;4;0;0;1;202512
20251211;2025-12-11;2025;12;11;December;Thursday;4;4;0;0;1;202512
20251212;2025-12-12;2025;12;12;December;Friday;5;4;0;0;1;202512
20251213;2025-12-13;2025;12;13;December;Saturday;6;4;0;1;1;202512
20251214;2025-12-14;2025;12;14;December;Sunday;7;4;0;1;0;202512
20251215;2025-12-15;2025;12;15;December;Monday;1;4;0;0;1;202512
20251216;2025-12-16;2025;12;16;December;Tuesday;2;4;0;0;1;202512
20251217;2025-12-17;2025;12;17;December;Wednesday;3;4;0;0;1;202512
20251218;2025-12-18;2025;12;18;December;Thursday;4;4;0;0;1;202512
20251219;2025-12-19;2025;12;19;December;Friday;5;4;0;0;1;202512
20251220;2025-12-20;2025;12;20;December;Saturday;6;4;0;1;1;202512
20251221;2025-12-21;2025;12;21;December;Sunday;7;4;0;1;1;202512
20251222;2025-12-22;2025;12;22;December;Monday;1;4;0;0;1;202512
20251223;2025-12-23;2025;12;23;December;Tuesday;2;4;0;0;1;202512
20251224;2025-12-24;2025;12;24;December;Wednesday;3;4;0;0;1;202512
20251225;2025-12-25;2025;12;25;December;Thursday;4;4;1;0;0;202512
20251226;2025-12-26;2025;12;26;December;Friday;5;4;1;0;0;202512
20251227;2025-12-27;2025;12;27;December;Saturday;6;4;0;1;1;202512
20251228;2025-12-28;2025;12;28;December;Sunday;7;4;0;1;1;202512
20251229;2025-12-29;2025;12;29;December;Monday;1;4;0;0;1;202512
20251230;2025-12-30;2025;12;30;December;Tuesday;2;4;0;0;1;202512
20251231;2025-12-31;2025;12;31;December;Wednesday;3;4;0;0;1;202512
20260101;2026-01-01;2026;1;1;January;Thursday;4;1;1;0;0;202601
20260102;2026-01-02;2026;1;2;January;Friday;5;1;0;0;1;202601
20260103;2026-01-03;2026;1;3;January;Saturday;6;1;0;1;1;202601
20260104;2026-01-04;2026;1;4;January;Sunday;7;1;0;1;0;202601
20260105;2026-01-05;2026;1;5;January;Monday;1;1;0;0;1;202601
20260106;2026-01-06;2026;1;6;January;Tuesday;2;1;1;0;0;202601
20260107;2026-01-07;2026;1;7;January;Wednesday;3;1;0;0;1;202601
20260108;2026-01-08;2026;1;8;January;Thursday;4;1;0;0;1;202601
20260109;2026-01-09;2026;1;9;January;Friday;5;1;0;0;1;202601
20260110;2026-01-10;2026;1;10;January;Saturday;6;1;0;1;1;202601
20260111;2026-01-11;2026;1;11;January;Sunday;7;1;0;1;0;202601
20260112;2026-01-12;2026;1;12;January;Monday;1;1;0;0;1;202601
20260113;2026-01-13;2026;1;13;January;Tuesday;2;1;0;0;1;202601
20260114;2026-01-14;2026;1;14;January;Wednesday;3;1;0;0;1;202601
20260115;2026-01-15;2026;1;15;January;Thursday;4;1;0;0;1;202601
20260116;2026-01-16;2026;1;16;January;Friday;5;1;0;0;1;202601
20260117;2026-01-17;2026;1;17;January;Saturday;6;1;0;1;1;202601
20260118;2026-01-18;2026;1;18;January;Sunday;7;1;0;1;0;202601
20260119;2026-01-19;2026;1;19;January;Monday;1;1;0;0;1;202601
20260120;2026-01-20;2026;1;20;January;Tuesday;2;1;0;0;1;202601
20260121;2026-01-21;2026;1;21;January;Wednesday;3;1;0;0;1;202601
20260122;2026-01-22;2026;1;22;January;Thursday;4;1;0;0;1;202601
20260123;2026-01-23;2026;1;23;January;Friday;5;1;0;0;1;202601
20260124;2026-01-24;2026;1;24;January;Saturday;6;1;0;1;1;202601
20260125;2026-01-25;2026;1;25;January;Sunday;7;1;0;1;0;202601
20260126;2026-01-26;2026;1;26;January;Monday;1;1;0;0;1;202601
20260127;2026-01-27;2026;1;27;January;Tuesday;2;1;0;0;1;202601
20260128;2026-01-28;2026;1;28;January;Wednesday;3;1;0;0;1;202601
20260129;2026-01-29;2026;1;29;January;Thursday;4;1;0;0;1;202601
20260130;2026-01-30;2026;1;30;January;Friday;5;1;0;0;1;202601
20260131;2026-01-31;2026;1;31;January;Saturday;6;1;0;1;1;202601
20260201;2026-02-01;2026;2;1;February;Sunday;7;1;0;1;0;202602
20260202;2026-02-02;2026;2;2;February;Monday;1;1;0;0;1;202602
20260203;2026-02-03;2026;2;3;February;Tuesday;2;1;0;0;1;202602
20260204;2026-02-04;2026;2;4;February;Wednesday;3;1;0;0;1;202602
20260205;2026-02-05;2026;2;5;February;Thursday;4;1;0;0;1;202602
20260206;2026-02-06;2026;2;6;February;Friday;5;1;0;0;1;202602
20260207;2026-02-07;2026;2;7;February;Saturday;6;1;0;1;1;202602
20260208;2026-02-08;2026;2;8;February;Sunday;7;1;0;1;0;202602
20260209;2026-02-09;2026;2;9;February;Monday;1;1;0;0;1;202602
20260210;2026-02-10;2026;2;10;February;Tuesday;2;1;0;0;1;202602
20260211;2026-02-11;2026;2;11;February;Wednesday;3;1;0;0;1;202602
20260212;2026-02-12;2026;2;12;February;Thursday;4;1;0;0;1;202602
20260213;2026-02-13;2026;2;13;February;Friday;5;1;0;0;1;202602
20260214;2026-02-14;2026;2;14;February;Saturday;6;1;0;1;1;202602
20260215;2026-02-15;2026;2;15;February;Sunday;7;1;0;1;0;202602
20260216;2026-02-16;2026;2;16;February;Monday;1;1;0;0;1;202602
20260217;2026-02-17;2026;2;17;February;Tuesday;2;1;0;0;1;202602
20260218;2026-02-18;2026;2;18;February;Wednesday;3;1;0;0;1;202602
20260219;2026-02-19;2026;2;19;February;Thursday;4;1;0;0;1;202602
20260220;2026-02-20;2026;2;20;February;Friday;5;1;0;0;1;202602
20260221;2026-02-21;2026;2;21;February;Saturday;6;1;0;1;1;202602
20260222;2026-02-22;2026;2;22;February;Sunday;7;1;0;1;0;202602
20260223;2026-02-23;2026;2;23;February;Monday;1;1;0;0;1;202602
20260224;2026-02-24;2026;2;24;February;Tuesday;2;1;0;0;1;202602
20260225;2026-02-25;2026;2;25;February;Wednesday;3;1;0;0;1;202602
20260226;2026-02-26;2026;2;26;February;Thursday;4;1;0;0;1;202602
20260227;2026-02-27;2026;2;27;February;Friday;5;1;0;0;1;202602
20260228;2026-02-28;2026;2;28;February;Saturday;6;1;0;1;1;202602
20260301;2026-03-01;2026;3;1;March;Sunday;7;1;0;1;0;202603
20260302;2026-03-02;2026;3;2;March;Monday;1;1;0;0;1;202603
20260303;2026-03-03;2026;3;3;March;Tuesday;2;1;0;0;1;202603
20260304;2026-03-04;2026;3;4;March;Wednesday;3;1;0;0;1;202603
20260305;2026-03-05;2026;3;5;March;Thursday;4;1;0;0;1;202603
20260306;2026-03-06;2026;3;6;March;Friday;5;1;0;0;1;202603
20260307;2026-03-07;2026;3;7;March;Saturday;6;1;0;1;1;202603
20260308;2026-03-08;2026;3;8;March;Sunday;7;1;0;1;0;202603
20260309;2026-03-09;2026;3;9;March;Monday;1;1;0;0;1;202603
20260310;2026-03-10;2026;3;10;March;Tuesday;2;1;0;0;1;202603
20260311;2026-03-11;2026;3;11;March;Wednesday;3;1;0;0;1;202603
20260312;2026-03-12;2026;3;12;March;Thursday;4;1;0;0;1;202603
20260313;2026-03-13;2026;3;13;March;Friday;5;1;0;0;1;202603
20260314;2026-03-14;2026;3;14;March;Saturday;6;1;0;1;1;202603
20260315;2026-03-15;2026;3;15;March;Sunday;7;1;0;1;0;202603
20260316;2026-03-16;2026;3;16;March;Monday;1;1;0;0;1;202603
20260317;2026-03-17;2026;3;17;March;Tuesday;2;1;0;0;1;202603
20260318;2026-03-18;2026;3;18;March;Wednesday;3;1;0;0;1;202603
20260319;2026-03-19;2026;3;19;March;Thursday;4;1;0;0;1;202603
20260320;2026-03-20;2026;3;20;March;Friday;5;1;0;0;1;202603
20260321;2026-03-21;2026;3;21;March;Saturday;6;1;0;1;1;202603
20260322;2026-03-22;2026;3;22;March;Sunday;7;1;0;1;0;202603
20260323;2026-03-23;2026;3;23;March;Monday;1;1;0;0;1;202603
20260324;2026-03-24;2026;3;24;March;Tuesday;2;1;0;0;1;202603
20260325;2026-03-25;2026;3;25;March;Wednesday;3;1;0;0;1;202603
20260326;2026-03-26;2026;3;26;March;Thursday;4;1;0;0;1;202603
20260327;2026-03-27;2026;3;27;March;Friday;5;1;0;0;1;202603
20260328;2026-03-28;2026;3;28;March;Saturday;6;1;0;1;1;202603
20260329;2026-03-29;2026;3;29;March;Sunday;7;1;0;1;0;202603
20260330;2026-03-30;2026;3;30;March;Monday;1;1;0;0;1;202603
20260331;2026-03-31;2026;3;31;March;Tuesday;2;1;0;0;1;202603
20260401;2026-04-01;2026;4;1;April;Wednesday;3;2;0;0;1;202604
20260402;2026-04-02;2026;4;2;April;Thursday;4;2;0;0;1;202604
20260403;2026-04-03;2026;4;3;April;Friday;5;2;0;0;1;202604
20260404;2026-04-04;2026;4;4;April;Saturday;6;2;0;1;1;202604
20260405;2026-04-05;2026;4;5;April;Sunday;7;2;0;1;0;202604
20260406;2026-04-06;2026;4;6;April;Monday;1;2;0;0;1;202604
20260407;2026-04-07;2026;4;7;April;Tuesday;2;2;0;0;1;202604
20260408;2026-04-08;2026;4;8;April;Wednesday;3;2;0;0;1;202604
20260409;2026-04-09;2026;4;9;April;Thursday;4;2;0;0;1;202604
20260410;2026-04-10;2026;4;10;April;Friday;5;2;0;0;1;202604
20260411;2026-04-11;2026;4;11;April;Saturday;6;2;0;1;1;202604
20260412;2026-04-12;2026;4;12;April;Sunday;7;2;0;1;0;202604
20260413;2026-04-13;2026;4;13;April;Monday;1;2;0;0;1;202604
20260414;2026-04-14;2026;4;14;April;Tuesday;2;2;0;0;1;202604
20260415;2026-04-15;2026;4;15;April;Wednesday;3;2;0;0;1;202604
20260416;2026-04-16;2026;4;16;April;Thursday;4;2;0;0;1;202604
20260417;2026-04-17;2026;4;17;April;Friday;5;2;0;0;1;202604
20260418;2026-04-18;2026;4;18;April;Saturday;6;2;0;1;1;202604
20260419;2026-04-19;2026;4;19;April;Sunday;7;2;0;1;0;202604
20260420;2026-04-20;2026;4;20;April;Monday;1;2;0;0;1;202604
20260421;2026-04-21;2026;4;21;April;Tuesday;2;2;0;0;1;202604
20260422;2026-04-22;2026;4;22;April;Wednesday;3;2;0;0;1;202604
20260423;2026-04-23;2026;4;23;April;Thursday;4;2;0;0;1;202604
20260424;2026-04-24;2026;4;24;April;Friday;5;2;0;0;1;202604
20260425;2026-04-25;2026;4;25;April;Saturday;6;2;0;1;1;202604
20260426;2026-04-26;2026;4;26;April;Sunday;7;2;0;1;0;202604
20260427;2026-04-27;2026;4;27;April;Monday;1;2;0;0;1;202604
20260428;2026-04-28;2026;4;28;April;Tuesday;2;2;0;0;1;202604
20260429;2026-04-29;2026;4;29;April;Wednesday;3;2;0;0;1;202604
20260430;2026-04-30;2026;4;30;April;Thursday;4;2;0;0;1;202604
20260501;2026-05-01;2026;5;1;May;Friday;5;2;1;0;0;202605
20260502;2026-05-02;2026;5;2;May;Saturday;6;2;0;1;1;202605
20260503;2026-05-03;2026;5;3;May;Sunday;7;2;1;1;0;202605
20260504;2026-05-04;2026;5;4;May;Monday;1;2;0;0;1;202605
20260505;2026-05-05;2026;5;5;May;Tuesday;2;2;0;0;1;202605
20260506;2026-05-06;2026;5;6;May;Wednesday;3;2;0;0;1;202605
20260507;2026-05-07;2026;5;7;May;Thursday;4;2;0;0;1;202605
20260508;2026-05-08;2026;5;8;May;Friday;5;2;0;0;1;202605
20260509;2026-05-09;2026;5;9;May;Saturday;6;2;0;1;1;202605
20260510;2026-05-10;2026;5;10;May;Sunday;7;2;0;1;0;202605
20260511;2026-05-11;2026;5;11;May;Monday;1;2;0;0;1;202605
20260512;2026-05-12;2026;5;12;May;Tuesday;2;2;0;0;1;202605
20260513;2026-05-13;2026;5;13;May;Wednesday;3;2;0;0;1;202605
20260514;2026-05-14;2026;5;14;May;Thursday;4;2;0;0;1;202605
20260515;2026-05-15;2026;5;15;May;Friday;5;2;0;0;1;202605
20260516;2026-05-16;2026;5;16;May;Saturday;6;2;0;1;1;202605
20260517;2026-05-17;2026;5;17;May;Sunday;7;2;0;1;0;202605
20260518;2026-05-18;2026;5;18;May;Monday;1;2;0;0;1;202605
20260519;2026-05-19;2026;5;19;May;Tuesday;2;2;0;0;1;202605
20260520;2026-05-20;2026;5;20;May;Wednesday;3;2;0;0;1;202605
20260521;2026-05-21;2026;5;21;May;Thursday;4;2;0;0;1;202605
20260522;2026-05-22;2026;5;22;May;Friday;5;2;0;0;1;202605
20260523;2026-05-23;2026;5;23;May;Saturday;6;2;0;1;1;202605
20260524;2026-05-24;2026;5;24;May;Sunday;7;2;0;1;0;202605
20260525;2026-05-25;2026;5;25;May;Monday;1;2;0;0;1;202605
20260526;2026-05-26;2026;5;26;May;Tuesday;2;2;0;0;1;202605
20260527;2026-05-27;2026;5;27;May;Wednesday;3;2;0;0;1;202605
20260528;2026-05-28;2026;5;28;May;Thursday;4;2;0;0;1;202605
20260529;2026-05-29;2026;5;29;May;Friday;5;2;0;0;1;202605
20260530;2026-05-30;2026;5;30;May;Saturday;6;2;0;1;1;202605
20260531;2026-05-31;2026;5;31;May;Sunday;7;2;0;1;0;202605
20260601;2026-06-01;2026;6;1;June;Monday;1;2;0;0;1;202606
20260602;2026-06-02;2026;6;2;June;Tuesday;2;2;0;0;1;202606
20260603;2026-06-03;2026;6;3;June;Wednesday;3;2;0;0;1;202606
20260604;2026-06-04;2026;6;4;June;Thursday;4;2;0;0;1;202606
20260605;2026-06-05;2026;6;5;June;Friday;5;2;0;0;1;202606
20260606;2026-06-06;2026;6;6;June;Saturday;6;2;0;1;1;202606
20260607;2026-06-07;2026;6;7;June;Sunday;7;2;0;1;0;202606
20260608;2026-06-08;2026;6;8;June;Monday;1;2;0;0;1;202606
20260609;2026-06-09;2026;6;9;June;Tuesday;2;2;0;0;1;202606
20260610;2026-06-10;2026;6;10;June;Wednesday;3;2;0;0;1;202606
20260611;2026-06-11;2026;6;11;June;Thursday;4;2;0;0;1;202606
20260612;2026-06-12;2026;6;12;June;Friday;5;2;0;0;1;202606
20260613;2026-06-13;2026;6;13;June;Saturday;6;2;0;1;1;202606
20260614;2026-06-14;2026;6;14;June;Sunday;7;2;0;1;0;202606
20260615;2026-06-15;2026;6;15;June;Monday;1;2;0;0;1;202606
20260616;2026-06-16;2026;6;16;June;Tuesday;2;2;0;0;1;202606
20260617;2026-06-17;2026;6;17;June;Wednesday;3;2;0;0;1;202606
20260618;2026-06-18;2026;6;18;June;Thursday;4;2;0;0;1;202606
20260619;2026-06-19;2026;6;19;June;Friday;5;2;0;0;1;202606
20260620;2026-06-20;2026;6;20;June;Saturday;6;2;0;1;1;202606
20260621;2026-06-21;2026;6;21;June;Sunday;7;2;0;1;0;202606
20260622;2026-06-22;2026;6;22;June;Monday;1;2;0;0;1;202606
20260623;2026-06-23;2026;6;23;June;Tuesday;2;2;0;0;1;202606
20260624;2026-06-24;2026;6;24;June;Wednesday;3;2;0;0;1;202606
20260625;2026-06-25;2026;6;25;June;Thursday;4;2;0;0;1;202606
20260626;2026-06-26;2026;6;26;June;Friday;5;2;0;0;1;202606
20260627;2026-06-27;2026;6;27;June;Saturday;6;2;0;1;1;202606
20260628;2026-06-28;2026;6;28;June;Sunday;7;2;0;1;0;202606
20260629;2026-06-29;2026;6;29;June;Monday;1;2;0;0;1;202606
20260630;2026-06-30;2026;6;30;June;Tuesday;2;2;0;0;1;202606
